Time [s],Gauge Pressure,Inspiratory differenrtial pressure,Expiratory differenrtial pressure
0,8361,8308,8185
0.00316999999999723,8361,8304,8177
0.0254380000000012,8396,8301,8185
0.0273449999999968,8366,8301,8180
0.0333660000000009,8393,8308,8180
0.0345650000000006,8372,8304,8177
0.0434860000000015,8377,8299,8185
0.052379000000002,8396,8301,8180
0.0639070000000004,8379,8299,8182
0.0729419999999976,8387,8296,8182
0.0843830000000025,8412,8299,8180
0.0935190000000006,8436,8299,8182
0.102665000000002,8433,8296,8182
0.111260000000001,8455,8294,8182
0.122127999999996,8458,8286,8180
0.133803,8452,8286,8182
0.140282999999997,8452,8283,8180
0.151342,8471,8283,8185
0.162505000000003,8442,8278,8177
0.173727999999997,8479,8283,8180
0.182447000000003,8471,8281,8185
0.191386999999999,8498,8283,8182
0.203100999999997,8471,8278,8182
0.211934999999997,8481,8276,8182
0.223072999999999,8492,8278,8182
0.231926000000001,8498,8273,8180
0.243501999999999,8506,8273,8182
0.254627999999997,8525,8265,8182
0.261173999999997,8514,8263,8182
0.272817000000003,8522,8257,8185
0.281723,8533,8255,8185
0.293419999999998,8544,8252,8185
0.302225,8558,8250,8185
0.313955,8538,8257,8180
0.320216000000002,8558,8250,8182
0.334203000000002,8549,8250,8182
0.341062999999998,8576,8247,8185
0.352165999999997,8556,8247,8187
0.361153000000002,8578,8245,8185
0.372670999999997,8562,8245,8182
0.382334999999998,8562,8247,8185
0.393120000000003,8576,8247,8182
0.402047000000003,8565,8250,8182
0.413333999999999,8578,8245,8182
0.421619999999997,8584,8242,8180
0.432730999999997,8576,8245,8185
0.441839999999999,8589,8245,8185
0.450946999999999,8600,8239,8182
0.462179999999996,8597,8242,8185
0.473717000000001,8605,8239,8185
0.482284,8608,8239,8182
0.493856999999998,8613,8239,8182
0.500377999999998,8616,8232,8182
0.514321000000002,8624,8232,8185
0.520913,8635,8230,8185
0.532505999999998,8642,8227,8185
0.540756000000002,8639,8227,8180
0.552303000000002,8653,8227,8182
0.564002000000002,8664,8224,8185
0.570515999999998,8667,8224,8182
0.582113,8664,8222,8182
0.590708999999997,8670,8222,8185
0.602486999999996,8661,8222,8180
0.613160000000001,8675,8224,8180
0.619697000000002,8667,8222,8180
0.633727,8691,8219,8182
0.642772000000001,8680,8219,8182
0.654043000000001,8689,8219,8182
0.660491999999998,8683,8219,8182
0.672176,8670,8217,8185
0.681376999999998,8670,8217,8182
0.693280000000001,8675,8217,8185
0.702354,8683,8214,8187
0.711177999999997,8689,8212,8185
0.722597999999998,8697,8214,8185
0.733767999999998,8710,8212,8182
0.740450000000003,8738,8209,8180
0.752139,8750,8209,8182
0.761184,8764,8206,8182
0.772570999999999,8783,8201,8182
0.781494000000002,8804,8199,8185
0.792620999999997,8827,8199,8182
0.801398999999996,8858,8196,8187
0.813173999999997,8897,8193,8185
0.824160999999997,8916,8188,8185
0.832932999999997,8930,8183,8185
0.841127999999998,8938,8183,8185
0.852811000000003,8944,8181,8185
0.861950999999998,8949,8181,8185
0.870603000000003,8954,8178,8182
0.882292999999997,8960,8178,8185
0.893203,8969,8178,8185
0.902681999999999,8972,8175,8182
0.909191999999997,8974,8175,8182
0.921028999999997,8985,8178,8185
0.933109000000002,9032,8175,8180
0.939796000000001,9052,8181,8190
0.953584999999997,9077,8178,8185
0.960133999999996,9106,8181,8182
0.971839000000003,9141,8178,8185
0.980970999999997,9171,8178,8182
0.992277000000001,9200,8178,8182
1.000912,9224,8178,8182
1.011694,9246,8178,8182
1.020599,9259,8178,8182
1.032347,9267,8178,8187
1.038941,9276,8178,8185
1.050675,9285,8178,8187
1.059745,9293,8178,8185
1.073615,9302,8178,8185
1.080091,9310,8175,8185
1.091655,9313,8178,8185
1.100694,9324,8178,8185
1.111962,9337,8175,8187
1.120982,9352,8175,8187
1.132252,9368,8175,8187
1.141221,9381,8173,8185
1.152863,9393,8175,8185
1.162005,9407,8175,8187
1.17124,9424,8173,8187
1.180349,9440,8175,8187
1.191598,9457,8175,8187
1.200687,9473,8175,8187
1.212341,9490,8175,8187
1.221618,9510,8178,8187
1.232926,9529,8178,8187
1.239585,9548,8178,8187
1.251342,9561,8178,8187
1.260468,9582,8178,8185
1.272224,9599,8178,8190
1.281409,9612,8178,8190
1.292684,9620,8178,8187
1.29916,9626,8178,8185
1.310515,9634,8178,8185
1.319579,9637,8175,8185
1.331729,9646,8175,8185
1.340725,9643,8175,8182
1.352264,9648,8175,8185
1.361431,9654,8175,8187
1.37265,9659,8175,8185
1.379162,9662,8175,8185
1.390377,9666,8175,8187
1.399543,9671,8173,8185
1.408341,9671,8175,8187
1.419919,9679,8173,8185
1.431586,9677,8178,8185
1.43807,9682,8178,8187
1.450034,9682,8178,8185
1.46197,9682,8178,8182
1.471106,9679,8178,8185
1.479495,9677,8178,8187
1.490258,9677,8178,8185
1.501653,9674,8178,8185
1.510766,9668,8178,8187
1.522157,9666,8178,8182
1.531266,9666,8181,8185
1.539474,9662,8181,8185
1.548112,9666,8181,8182
1.561561,9666,8181,8185
1.57249,9668,8181,8185
1.579003,9666,8181,8185
1.593095,9666,8181,8185
1.599189,9666,8181,8187
1.610866,9666,8181,8185
1.620044,9668,8181,8187
1.629114,9674,8178,8182
1.640567,9674,8178,8187
1.649107,9679,8178,8185
1.660904,9693,8178,8185
1.670025,9695,8178,8187
1.681618,9701,8178,8190
1.690757,9710,8178,8187
1.702357,9718,8178,8187
1.711409,9724,8178,8185
1.719579,9732,8178,8182
1.730864,9740,8178,8187
1.739114,9748,8178,8185
1.750716,9751,8178,8187
1.759741,9762,8178,8187
1.768591,9774,8178,8187
1.779808,9782,8178,8187
1.788048,9791,8178,8185
1.802314,9801,8178,8187
1.808773,9804,8178,8187
1.819787,9815,8178,8187
1.828775,9826,8178,8187
1.840923,9834,8175,8187
1.849568,9842,8175,8187
1.860898,9852,8175,8190
1.869057,9863,8175,8187
1.881869,9871,8175,8190
1.88836,9885,8175,8187
1.899896,9895,8175,8190
1.909015,9912,8175,8190
1.920277,9929,8175,8192
1.931527,9943,8175,8190
1.938026,9960,8175,8192
1.949436,9977,8178,8190
1.958546,9993,8178,8192
1.972587,10004,8178,8190
1.978931,10018,8178,8192
1.990509,10023,8178,8192
1.999225,10023,8178,8192
2.010911,10023,8178,8187
2.01974,10026,8178,8190
2.030889,10028,8178,8190
2.039493,10028,8178,8190
2.05076,10039,8175,8190
2.059914,10031,8175,8190
2.06749,10039,8175,8187
2.079031,10039,8175,8190
2.090782,10041,8173,8187
2.099871,10041,8173,8187
2.108994,10041,8175,8187
2.118179,10041,8175,8187
2.129904,10039,8175,8185
2.141161,10039,8175,8187
2.150232,10039,8175,8187
2.161581,10035,8178,8185
2.167402,10031,8178,8187
2.178826,10026,8181,8187
2.190437,10023,8178,8182
2.199197,10018,8178,8182
2.211067,10012,8178,8185
2.219584,10007,8178,8185
2.231412,10004,8178,8187
2.237991,9999,8178,8182
2.249487,9993,8178,8182
2.258471,9985,8178,8182
2.269527,9977,8178,8180
2.277966,9968,8178,8182
2.289266,9962,8178,8182
2.300476,9954,8178,8182
2.309252,9946,8178,8185
2.320973,9937,8178,8182
2.330074,9929,8178,8182
2.339204,9921,8178,8182
2.348338,9909,8178,8185
2.360205,9906,8178,8185
2.36939,9904,8178,8182
2.380476,9898,8178,8182
2.389038,9893,8178,8182
2.400633,9885,8178,8182
2.409495,9879,8178,8182
2.421232,9871,8178,8182
2.427794,9868,8178,8182
2.44152,9868,8178,8185
2.448058,9860,8178,8185
2.459674,9858,8178,8182
2.468774,9852,8175,8185
2.480431,9847,8175,8185
2.486963,9845,8175,8185
2.498597,9845,8175,8185
2.510272,9839,8175,8185
2.521104,9839,8173,8185
2.527649,9839,8175,8185
2.539307,9837,8175,8185
2.54801,9831,8175,8185
2.559252,9834,8175,8185
2.568321,9831,8175,8182
2.580035,9828,8178,8182
2.588804,9828,8178,8185
2.60045,9828,8178,8182
2.609377,9823,8178,8182
2.618218,9823,8178,8185
2.629417,9823,8178,8185
2.638575,9823,8178,8185
2.649423,9823,8178,8185
2.658105,9823,8178,8185
2.66928,9820,8178,8185
2.68072,9820,8178,8185
2.689849,9820,8178,8185
2.698094,9823,8178,8185
2.707236,9823,8178,8185
2.718944,9823,8178,8185
2.728086,9823,8175,8185
2.739441,9823,8178,8185
2.750116,9826,8178,8185
2.757793,9823,8178,8185
2.769463,9823,8178,8185
2.780832,9823,8178,8182
2.786983,9826,8178,8185
2.798088,9826,8178,8182
2.809517,9828,8178,8185
2.820471,9828,8178,8185
2.826943,9828,8178,8185
2.841204,9834,8178,8185
2.847943,9839,8178,8185
2.856736,9842,8178,8187
2.87096,9845,8178,8185
2.877486,9847,8178,8185
2.889249,9855,8175,8185
2.898424,9855,8175,8187
2.91002,9855,8175,8185
2.91904,9852,8175,8182
2.930555,9852,8175,8185
2.939631,9847,8173,8185
2.948532,9852,8175,8185
2.957614,9852,8175,8185
2.969302,9855,8175,8187
2.978215,9855,8175,8185
2.989494,9860,8175,8182
2.99609,9860,8178,8185
3.009967,9860,8178,8185
3.018749,9866,8178,8185
3.028624,9868,8178,8185
3.039761,9868,8178,8185
3.046661,9868,8178,8185
3.057287,9868,8178,8187
3.068769,9868,8178,8185
3.076807,9868,8178,8185
3.088464,9868,8178,8187
3.099959,9866,8178,8187
3.109092,9866,8178,8182
3.118016,9866,8178,8185
3.127119,9863,8178,8185
3.138432,9860,8178,8185
3.149703,9858,8178,8187
3.158874,9858,8175,8185
3.167772,9855,8178,8185
3.176915,9852,8178,8185
3.187846,9847,8178,8185
3.196923,9847,8178,8187
3.208108,9847,8175,8185
3.21712,9845,8175,8187
3.228773,9845,8175,8185
3.237671,9842,8175,8187
3.249151,9845,8175,8185
3.258295,9845,8175,8185
3.267439,9845,8175,8185
3.279048,9845,8175,8185
3.287686,9845,8175,8185
3.296412,9845,8175,8185
3.30986,9845,8178,8185
3.318927,9845,8178,8185
3.330278,9845,8178,8187
3.338194,9847,8178,8185
3.348247,9847,8178,8185
3.359148,9847,8178,8185
3.368277,9855,8178,8185
3.379563,9855,8178,8187
3.386078,9858,8178,8185
3.399936,9858,8178,8185
3.406261,9863,8178,8187
3.420134,9863,8175,8185
3.426552,9866,8175,8185
3.437888,9866,8175,8185
3.446914,9868,8175,8185
3.458358,9868,8175,8185
3.466272,9868,8175,8187
3.479351,9874,8175,8185
3.48848,9874,8175,8187
3.500027,9874,8175,8187
3.506596,9876,8175,8185
3.517809,9876,8178,8187
3.526854,9879,8178,8185
3.538483,9882,8178,8185
3.547254,9887,8178,8185
3.558603,9887,8178,8185
3.567408,9890,8178,8187
3.578692,9893,8178,8187
3.586963,9895,8175,8185
3.595638,9895,8178,8185
3.6094,9895,8178,8187
3.615909,9895,8178,8187
3.626946,9901,8178,8185
3.636044,9901,8178,8185
3.647903,9904,8178,8185
3.656947,9906,8178,8187
3.668139,9909,8178,8185
3.677309,9912,8178,8185
3.688867,9915,8178,8185
3.698037,9915,8178,8187
3.709561,9915,8178,8187
3.716132,9918,8178,8185
3.727344,9918,8178,8187
3.736125,9921,8178,8185
3.747861,9921,8178,8185
3.755855,9921,8178,8185
3.766511,9921,8178,8185
3.777736,9926,8178,8187
3.78671,9929,8178,8185
3.797949,9929,8178,8187
3.80635,9932,8178,8182
3.816546,9934,8178,8185
3.825608,9932,8181,8185
3.841055,9932,8181,8185
3.849766,9929,8181,8187
3.855896,9926,8181,8187
3.866323,9926,8181,8185
3.877464,9923,8181,8185
3.885849,9926,8181,8185
3.897192,9923,8181,8185
3.908451,9926,8181,8182
3.917486,9926,8181,8185
3.929275,9926,8181,8187
3.935799,9926,8178,8185
3.947339,9929,8178,8185
3.956463,9929,8178,8185
3.968077,9929,8178,8185
3.974569,9929,8178,8187
3.985786,9932,8178,8185
3.998522,9932,8178,8185
4.007522,9929,8175,8185
4.018618,9932,8178,8185
4.025136,9932,8178,8182
4.038823,9929,8178,8187
4.047939,9932,8178,8185
4.059433,9932,8178,8185
4.065908,9932,8178,8185
4.077373,9934,8178,8185
4.08646,9932,8181,8185
4.097771,9932,8178,8187
4.106355,9926,8178,8185
4.115233,9923,8178,8187
4.128648,9923,8178,8182
4.137727,9921,8178,8185
4.149151,9921,8175,8182
4.155631,9915,8175,8187
4.167317,9915,8175,8182
4.176405,9912,8175,8185
4.188018,9906,8175,8185
4.196478,9904,8175,8185
4.205512,9901,8175,8185
4.216571,9895,8175,8185
4.225683,9895,8175,8185
4.237204,9890,8175,8185
4.245712,9885,8175,8185
4.25749,9879,8175,8182
4.26629,9868,8175,8185
4.277886,9866,8175,8182
4.285834,9858,8175,8182
4.297518,9852,8175,8185
4.308307,9845,8175,8182
4.317492,9839,8175,8182
4.326654,9834,8175,8185
4.335808,9828,8175,8185
4.34742,9823,8175,8182
4.357934,9820,8178,8185
4.364096,9815,8178,8185
4.375775,9812,8178,8182
4.386745,9807,8178,8185
4.395839,9801,8178,8185
4.40737,9799,8178,8185
4.415498,9793,8178,8182
4.426609,9788,8178,8187
4.437971,9785,8178,8185
4.446933,9780,8178,8185
4.45588,9777,8178,8185
4.464863,9777,8178,8182
4.478435,9774,8178,8185
4.487506,9771,8178,8182
4.496594,9768,8178,8185
4.507437,9765,8178,8185
4.515866,9762,8178,8185
4.527604,9762,8178,8185
4.534313,9762,8178,8182
4.546027,9762,8178,8185
4.557787,9760,8178,8185
4.5669,9762,8178,8185
4.575541,9762,8178,8187
4.584356,9768,8178,8185
4.5959,9768,8178,8185
4.605145,9771,8178,8185
4.616483,9774,8178,8185
4.625397,9777,8178,8185
4.636761,9780,8178,8187
4.646018,9780,8178,8185
4.657533,9785,8178,8185
4.666746,9788,8178,8185
4.675584,9788,8178,8187
4.686943,9791,8178,8185
4.6956,9799,8178,8187
4.704746,9804,8178,8185
4.717968,9812,8178,8187
4.726905,9820,8178,8185
4.738496,9826,8178,8187
4.745018,9828,8178,8187
4.756761,9828,8178,8187
4.76589,9831,8178,8187
4.777104,9831,8175,8185
4.788113,9831,8175,8185
4.794165,9828,8175,8185
4.805233,9828,8175,8185
4.813972,9831,8175,8185
4.828341,9831,8175,8185
4.834672,9837,8175,8185
4.846793,9839,8175,8185
4.855621,9845,8175,8185
4.866528,9847,8175,8187
4.874442,9855,8178,8187
4.886667,9855,8178,8187
4.897684,9858,8178,8187
4.903984,9863,8178,8187
4.915274,9863,8178,8185
4.925607,9866,8178,8185
4.935886,9868,8178,8187
4.945229,9874,8178,8187
4.954271,9874,8178,8187
4.964764,9879,8178,8185
4.975475,9882,8178,8185
4.986688,9887,8178,8185
4.997309,9887,8178,8185
5.003142,9887,8178,8187
5.013485,9887,8178,8185
5.026615,9885,8178,8187
5.034454,9887,8178,8185
5.043975,9887,8175,8185
5.056879,9887,8178,8185
5.067241,9887,8178,8187
5.075939,9890,8178,8185
5.084586,9890,8178,8187
5.096236,9890,8178,8185
5.107478,9890,8178,8187
5.113925,9893,8178,8185
5.125086,9893,8178,8185
5.134142,9890,8175,8185
5.145582,9890,8178,8185
5.15465,9882,8178,8185
5.166329,9882,8178,8182
5.172317,9879,8178,8185
5.18656,9879,8178,8185
5.19563,9879,8178,8187
5.206587,9879,8178,8187
5.21234,9882,8178,8185
5.223197,9879,8178,8187
5.234624,9882,8178,8185
5.243682,9879,8178,8187
5.254591,9879,8178,8185
5.262495,9876,8178,8185
5.276237,9876,8178,8185
5.287427,9874,8178,8185
5.296542,9868,8178,8185
5.305545,9866,8178,8185
5.314623,9863,8178,8185
5.32609,9858,8178,8185
5.334981,9852,8178,8182
5.345537,9847,8175,8185
5.356835,9845,8178,8185
5.365647,9839,8178,8185
5.374649,9837,8178,8185
5.383695,9837,8178,8182
5.395214,9826,8178,8185
5.40383,9826,8178,8185
5.415167,9820,8178,8185
5.426674,9818,8178,8182
5.43268,9815,8178,8185
5.446454,9815,8178,8185
5.455537,9812,8178,8185
5.466853,9807,8178,8185
5.47337,9807,8178,8185
5.485064,9801,8178,8185
5.493243,9801,8178,8185
5.504846,9799,8175,8185
5.516117,9799,8175,8185
5.525174,9791,8175,8187
5.534139,9791,8175,8185
5.545806,9788,8175,8185
5.554892,9785,8175,8185
5.563949,9782,8175,8185
5.57567,9777,8175,8185
5.584442,9774,8175,8185
5.596111,9771,8175,8185
5.604771,9771,8175,8180
5.613896,9771,8178,8185
5.625492,9768,8178,8185
5.63623,9771,8178,8185
5.642729,9774,8175,8185
5.654012,9777,8178,8185
5.665783,9780,8178,8187
5.677068,9780,8178,8187
5.683575,9780,8178,8185
5.695238,9780,8178,8185
5.705563,9780,8178,8185
5.713877,9771,8178,8187
5.722922,9765,8178,8182
5.734124,9756,8178,8185
5.743281,9760,8178,8182
5.755029,9756,8178,8185
5.764174,9756,8178,8182
5.775656,9756,8178,8185
5.783975,9753,8178,8185
5.795607,9751,8178,8185
5.806401,9748,8178,8185
5.812696,9748,8178,8185
5.826103,9745,8178,8185
5.83456,9745,8178,8187
5.845242,9740,8178,8182
5.853764,9740,8178,8185
5.862579,9734,8178,8185
5.87615,9729,8178,8182
5.882561,9729,8178,8187
5.894103,9729,8178,8182
5.902245,9726,8178,8185
5.913675,9724,8178,8182
5.924821,9724,8178,8185
5.933947,9721,8178,8185
5.945553,9713,8178,8185
5.952067,9713,8178,8182
5.963763,9710,8178,8185
5.975554,9701,8178,8187
5.981582,9701,8178,8185
5.99562,9695,8178,8185
6.001716,9695,8178,8182
6.015404,9687,8178,8185
6.024493,9682,8178,8185
6.033476,9682,8178,8185
6.042615,9679,8178,8185
6.054064,9674,8178,8185
6.063022,9677,8178,8182
6.074268,9671,8178,8185
6.082762,9671,8178,8185
6.096235,9671,8178,8185
6.102509,9668,8178,8185
6.113361,9668,8178,8185
6.121809,9668,8178,8185
6.135821,9671,8181,8185
6.144917,9668,8181,8185
6.153092,9671,8181,8185
6.164016,9671,8181,8185
6.175441,9674,8181,8185
6.184493,9674,8181,8185
6.193381,9674,8181,8185
6.205088,9674,8181,8187
6.213554,9674,8181,8187
6.225046,9677,8181,8185
6.233603,9677,8178,8185
6.241555,9674,8178,8185
6.254482,9677,8178,8185
6.26317,9674,8178,8185
6.274894,9674,8178,8185
6.283747,9674,8178,8185
6.292928,9671,8178,8185
6.304501,9674,8178,8185
6.313076,9677,8178,8185
6.324763,9674,8178,8185
6.333541,9674,8178,8185
6.349404,9674,8181,8187
6.353281,9674,8181,8187
6.361735,9674,8181,8182
6.372554,9677,8181,8185
6.383925,9674,8181,8182
6.393031,9674,8181,8182
6.404809,9674,8181,8182
6.41393,9671,8181,8185
6.425396,9668,8181,8187
6.434106,9671,8181,8187
6.442704,9668,8178,8187
6.452917,9668,8178,8187
6.463153,9662,8178,8185
6.474841,9662,8178,8185
6.485619,9659,8178,8185
6.491502,9662,8178,8185
6.502647,9657,8178,8185
6.51436,9657,8178,8185
6.523122,9654,8178,8182
6.534909,9648,8178,8185
6.543988,9654,8178,8185
6.555063,9654,8178,8185
6.564118,9654,8178,8185
6.575795,9657,8178,8185
6.581743,9654,8178,8185
6.593372,9651,8178,8187
6.604818,9648,8178,8185
6.613863,9643,8178,8185
6.622025,9634,8178,8185
6.633686,9628,8178,8182
6.642301,9623,8178,8185
6.652905,9615,8178,8185
6.66426,9612,8175,8185
6.674793,9607,8175,8185
6.681286,9607,8178,8185
6.692763,9607,8178,8185
6.704436,9604,8178,8185
6.713223,9601,8178,8182
6.722332,9599,8178,8185
6.734072,9596,8178,8185
6.743127,9593,8178,8185
6.754768,9585,8178,8185
6.763826,9582,8178,8185
6.774728,9574,8178,8185
6.783794,9570,8178,8185
6.792867,9567,8178,8185
6.801674,9564,8178,8185
6.813341,9564,8178,8185
6.822473,9561,8178,8185
6.834155,9561,8178,8185
6.843114,9559,8178,8185
6.851929,9556,8178,8182
6.863716,9553,8178,8182
6.875486,9551,8178,8187
6.88177,9553,8178,8182
6.89327,9551,8178,8185
6.904378,9548,8178,8182
6.913471,9543,8178,8185
6.920025,9537,8178,8185
6.9316,9537,8178,8182
6.943335,9534,8178,8187
6.952513,9534,8178,8185
6.961622,9532,8178,8185
6.973034,9532,8178,8185
6.981625,9529,8178,8185
6.993544,9524,8178,8185
7.002599,9524,8178,8182
7.013767,9521,8178,8185
7.022807,9526,8178,8185
7.034454,9524,8178,8185
7.043467,9524,8178,8185
7.052227,9526,8178,8185
7.060489,9529,8178,8185
7.072199,9524,8178,8185
7.081325,9526,8178,8185
7.093057,9524,8178,8185
7.101957,9526,8178,8182
7.113445,9521,8178,8185
7.124679,9521,8178,8185
7.131228,9524,8178,8185
7.142977,9524,8178,8185
7.151885,9521,8178,8185
7.163594,9521,8178,8185
7.172714,9521,8178,8185
7.184257,9518,8178,8187
7.193349,9524,8178,8185
7.204673,9521,8175,8187
7.213769,9524,8178,8182
7.222809,9518,8178,8185
7.231688,9521,8178,8185
7.243835,9515,8175,8185
7.252979,9518,8178,8185
7.261932,9518,8178,8185
7.270978,9515,8178,8185
7.2818,9515,8178,8185
7.293475,9515,8178,8185
7.302572,9513,8178,8185
7.31109,9510,8178,8185
7.322651,9510,8178,8185
7.331855,9510,8175,8182
7.343524,9507,8178,8185
7.351546,9510,8178,8182
7.362733,9505,8178,8185
7.371286,9505,8178,8185
7.381758,9505,8178,8185
7.392995,9502,8181,8185
7.402148,9505,8181,8185
7.413898,9505,8181,8187
7.423032,9507,8181,8185
7.432167,9507,8181,8185
7.443067,9510,8181,8185
7.451714,9510,8181,8185
7.460548,9507,8181,8185
7.472167,9505,8181,8185
7.481231,9497,8178,8182
7.492897,9487,8181,8185
7.50149,9485,8181,8185
7.513159,9482,8181,8185
7.522261,9478,8181,8187
7.533905,9478,8181,8185
7.540368,9478,8178,8185
7.5544,9478,8181,8185
7.560873,9482,8181,8185
7.572532,9482,8181,8185
7.581488,9482,8181,8185
7.593126,9485,8181,8185
7.601894,9482,8178,8185
7.611035,9482,8178,8185
7.622287,9478,8178,8185
7.633237,9478,8178,8185
7.639694,9482,8175,8185
7.6534,9485,8178,8185
7.66247,9485,8178,8182
7.671368,9485,8178,8182
7.680415,9482,8178,8182
7.692085,9482,8178,8182
7.703114,9482,8178,8182
7.712135,9482,8178,8182
7.723844,9482,8178,8180
7.730304,9478,8178,8182
7.742036,9476,8178,8185
7.750786,9473,8178,8180
7.762412,9473,8178,8182
7.770961,9470,8178,8182
7.781833,9465,8178,8182
7.790884,9465,8178,8182
7.801748,9462,8178,8182
7.812775,9462,8178,8182
7.822018,9465,8178,8182
7.833113,9465,8178,8182
7.842165,9465,8178,8182
7.852417,9462,8178,8182
7.859428,9465,8178,8182
7.870438,9465,8178,8182
7.880032,9462,8178,8185
7.890509,9462,8178,8185
7.901993,9462,8178,8185
7.913333,9462,8178,8185
7.922166,9459,8178,8185
7.933419,9459,8178,8185
7.939349,9459,8178,8185
7.950788,9462,8178,8185
7.962211,9462,8178,8185
7.970933,9457,8178,8185
7.982564,9459,8178,8187
7.991353,9462,8178,8185
8.000389,9467,8178,8185
8.012026,9467,8178,8185
8.021164,9470,8178,8185
8.032038,9473,8178,8185
8.043427,9476,8178,8185
8.049911,9476,8181,8185
8.063445,9478,8178,8185
8.069822,9476,8178,8187
8.081544,9482,8178,8185
8.090185,9478,8178,8185
8.100776,9482,8178,8182
8.108573,9478,8178,8185
8.120751,9478,8178,8185
8.129531,9485,8178,8185
8.140678,9482,8178,8185
8.151932,9482,8175,8185
8.160972,9485,8178,8185
8.172531,9482,8175,8185
8.181538,9482,8178,8185
8.192522,9482,8178,8185
8.198464,9476,8178,8185
8.210091,9476,8178,8185
8.220948,9476,8178,8185
8.231817,9476,8181,8185
8.242381,9476,8181,8185
8.250982,9473,8181,8185
8.26001,9470,8181,8185
8.271653,9470,8181,8185
8.280493,9467,8181,8182
8.291747,9462,8181,8182
8.300385,9454,8181,8185
8.311029,9443,8181,8185
8.32179,9432,8181,8182
8.331039,9427,8178,8185
8.342021,9420,8178,8182
8.355188,9418,8178,8185
8.361742,9415,8178,8185
8.37095,9410,8178,8182
8.380046,9410,8178,8187
8.391838,9410,8178,8185
8.400805,9404,8175,8182
8.409754,9399,8178,8185
8.421139,9399,8178,8185
8.430097,9393,8178,8185
8.441246,9387,8175,8185
8.451499,9384,8175,8185
8.462327,9381,8175,8185
8.468465,9376,8175,8185
8.482728,9373,8175,8185
8.489175,9365,8175,8185
8.500787,9360,8175,8185
8.50981,9357,8175,8182
8.521453,9345,8175,8182
8.530195,9337,8175,8182
8.541939,9332,8175,8182
8.550997,9318,8175,8185
8.562666,9310,8173,8182
8.569145,9297,8173,8182
8.580715,9287,8175,8185
8.589778,9276,8175,8185
8.600988,9265,8173,8182
8.612161,9257,8175,8185
8.621198,9251,8173,8182
8.629842,9246,8175,8185
8.64102,9238,8181,8185
8.649951,9240,8181,8185
8.661604,9238,8178,8182
8.670345,9232,8181,8185
8.681575,9227,8181,8185
8.690629,9224,8181,8185
8.702221,9219,8181,8185
8.708693,9216,8181,8185
8.720067,9216,8178,8185
8.729137,9213,8181,8185
8.740685,9213,8181,8182
8.749017,9213,8181,8185
8.760646,9205,8181,8185
8.771725,9205,8181,8185
8.780338,9200,8181,8185
8.78927,9198,8181,8182
8.800798,9195,8181,8185
8.808996,9190,8181,8185
8.819745,9184,8178,8185
8.830988,9176,8181,8182
8.840116,9168,8181,8182
8.85139,9154,8175,8185
8.860498,9152,8175,8185
8.871686,9144,8175,8185
8.877259,9144,8175,8182
8.888797,9141,8175,8185
8.900493,9138,8175,8185
8.909577,9135,8175,8185
8.92132,9138,8175,8185
8.927832,9135,8175,8185
8.941494,9135,8175,8185
8.950537,9138,8175,8185
8.96219,9138,8178,8185
8.968675,9138,8178,8185
8.980353,9135,8178,8185
8.988858,9133,8178,8185
9.000107,9135,8178,8185
9.00895,9135,8178,8182
9.020285,9141,8175,8182
9.031564,9146,8178,8180
9.04036,9152,8178,8182
9.048332,9154,8178,8182
9.061401,9163,8178,8182
9.070041,9165,8178,8182
9.081576,9165,8181,8180
9.088036,9168,8178,8185
9.099714,9163,8178,8180
9.108851,9165,8178,8185
9.120229,9160,8178,8185
9.129364,9165,8175,8185
9.140911,9165,8178,8185
9.149962,9168,8178,8185
9.161298,9173,8175,8185
9.170321,9184,8175,8185
9.179389,9187,8178,8185
9.188331,9195,8178,8185
9.19924,9200,8178,8182
9.207932,9205,8178,8185
9.219076,9211,8178,8182
9.23031,9213,8178,8185
9.238744,9216,8175,8182
9.250355,9219,8178,8185
9.261954,9221,8178,8185
9.268419,9224,8178,8182
9.280071,9224,8178,8185
9.289117,9230,8175,8185
9.300823,9232,8178,8185
9.309875,9232,8178,8185
9.32124,9238,8178,8185
9.330303,9240,8178,8185
9.339269,9243,8178,8185
9.348302,9249,8178,8185
9.359648,9251,8178,8182
9.368827,9251,8178,8185
9.378004,9251,8178,8182
9.389376,9249,8178,8182
9.400302,9251,8175,8187
9.409003,9249,8178,8185
9.420391,9251,8178,8185
9.429054,9251,8178,8182
9.437627,9251,8178,8185
9.448882,9251,8178,8185
9.460502,9249,8178,8185
9.466966,9251,8178,8185
9.478643,9251,8178,8185
9.487704,9251,8178,8185
9.498904,9254,8178,8185
9.510347,9251,8178,8185
9.519394,9257,8178,8182
9.530451,9257,8178,8185
9.539506,9265,8175,8185
9.550822,9265,8181,8185
9.55729,9265,8178,8185
9.568391,9270,8178,8182
9.577469,9267,8178,8185
9.591204,9267,8178,8185
9.597333,9265,8178,8185
9.608596,9267,8178,8185
9.619627,9265,8178,8182
9.628709,9259,8178,8185
9.640363,9265,8178,8185
9.649405,9262,8178,8185
9.660889,9265,8178,8185
9.669931,9265,8178,8182
9.681268,9265,8178,8185
9.687723,9265,8175,8185
9.699388,9262,8178,8185
9.708415,9262,8175,8185
9.72006,9262,8178,8185
9.729117,9262,8175,8185
9.740407,9259,8178,8185
9.749012,9259,8178,8185
9.760716,9259,8178,8185
9.769774,9259,8178,8185
9.778875,9262,8178,8185
9.789499,9267,8178,8185
9.799852,9265,8178,8187
9.807982,9265,8178,8185
9.816471,9259,8178,8185
9.830464,9257,8178,8182
9.839558,9246,8175,8185
9.848282,9238,8175,8182
9.859983,9230,8178,8182
9.866859,9224,8178,8185
9.880592,9216,8178,8185
9.889732,9213,8178,8185
9.898265,9213,8178,8182
9.907412,9211,8178,8185
9.918591,9213,8181,8185
9.927202,9213,8175,8185
9.937803,9216,8178,8185
9.948452,9216,8175,8185
9.958663,9216,8178,8185
9.966828,9213,8178,8185
9.977559,9211,8178,8185
9.988367,9208,8178,8182
9.998585,9205,8178,8185
10.008326,9198,8181,8185
10.01861,9198,8181,8185
10.028894,9195,8181,8185
10.036881,9190,8181,8185
10.047719,9184,8178,8182
10.058486,9179,8181,8185
10.069178,9176,8178,8185
10.079355,9165,8181,8185
10.088114,9163,8181,8185
10.099067,9154,8178,8182
10.110613,9146,8175,8182
10.116992,9141,8178,8185
10.128619,9133,8178,8185
10.139501,9130,8178,8185
10.148227,9118,8178,8182
10.157154,9116,8175,8185
10.167824,9109,8178,8182
10.176864,9104,8178,8182
10.187924,9096,8181,8182
10.196675,9093,8178,8185
10.208132,9085,8175,8185
10.217009,9074,8178,8185
10.22864,9069,8178,8182
10.23968,9060,8178,8182
10.246143,9043,8178,8182
10.260064,9030,8178,8182
10.269079,9010,8178,8185
10.277854,8988,8178,8185
10.286574,8974,8178,8185
10.298255,8963,8178,8182
10.30727,8952,8178,8185
10.318797,8941,8178,8185
10.327827,8930,8178,8185
10.339297,8916,8178,8185
10.348346,8894,8178,8185
10.361527,8874,8178,8182
10.364895,8852,8178,8182
10.376914,8836,8178,8185
10.388807,8824,8183,8185
10.399898,8819,8183,8182
10.408991,8813,8183,8185
10.415178,8808,8183,8182
10.426859,8799,8191,8180
10.438138,8796,8191,8182
10.447517,8796,8191,8182
10.458797,8796,8191,8182
10.467033,8793,8188,8185
10.478644,8799,8193,8185
10.489652,8796,8193,8182
10.496103,8796,8193,8185
10.507325,8788,8193,8185
10.516367,8791,8193,8182
10.527581,8785,8193,8180
10.536621,8785,8191,8185
10.54829,8783,8193,8185
10.557203,8780,8191,8185
10.568822,8772,8193,8185
10.579993,8769,8193,8185
10.586485,8764,8196,8182
10.598171,8761,8193,8182
10.607104,8758,8196,8182
10.618736,8761,8193,8182
10.627803,8758,8196,8182
10.636686,8758,8199,8185
10.648196,8758,8196,8185
10.659814,8769,8196,8182
10.666461,8766,8196,8185
10.677964,8766,8196,8182
10.686857,8766,8196,8185
10.698372,8761,8196,8185
10.707358,8753,8196,8185
10.716394,8747,8193,8182
10.726317,8733,8199,8182
10.737968,8730,8196,8182
10.749678,8725,8199,8185
10.756173,8718,8199,8180
10.767508,8710,8204,8182
10.776606,8705,8204,8182
10.78823,8697,8201,8182
10.797252,8691,8204,8182
10.80893,8683,8206,8182
10.814967,8683,8209,8182
10.828839,8667,8209,8185
10.835273,8664,8209,8185
10.846464,8667,8209,8182
10.85549,8661,8209,8182
10.867245,8675,8209,8182
10.878331,8664,8209,8185
10.885527,8661,8209,8182
10.896219,8661,8212,8182
10.907248,8659,8214,8182
10.916022,8664,8212,8182
10.926992,8664,8209,8185
10.935718,8659,8212,8187
10.94698,8661,8217,8182
10.957971,8670,8217,8185
10.966359,8664,8214,8182
10.977496,8675,8212,8185
10.988807,8667,8217,8185
10.997999,8659,8214,8182
11.007036,8659,8214,8185
11.015893,8653,8214,8180
11.027529,8653,8214,8185
11.036533,8644,8219,8182
11.048191,8642,8214,8182
11.054694,8630,8217,8182
11.068903,8630,8217,8185
11.07747,8632,8217,8182
11.089166,8630,8219,8185
11.095597,8622,8219,8182
11.106279,8622,8219,8185
11.117506,8616,8222,8182
11.126521,8619,8222,8182
11.137662,8589,8224,8182
11.146687,8589,8224,8185
11.158321,8578,8224,8185
11.166721,8581,8230,8185
11.175762,8573,8230,8182
11.186978,8576,8230,8185
11.19585,8573,8232,8182
11.206329,8586,8232,8185
11.217476,8589,8237,8182
11.225749,8594,8232,8182
11.236686,8581,8232,8185
11.244627,8584,8237,8182
11.258392,8578,8232,8182
11.264074,8589,8237,8182
11.275669,8584,8232,8182
11.287108,8570,8237,8182
11.295365,8558,8232,8182
11.305981,8562,8232,8182
11.317347,8546,8237,8185
11.327763,8546,8239,8185
11.338547,8549,8239,8182
11.344981,8538,8242,8185
11.356288,8565,8239,8182
11.36679,8584,8242,8185
11.377538,8573,8245,8182
11.386612,8567,8242,8185
11.397911,8533,8245,8180
11.407014,8544,8245,8180
11.415943,8541,8239,8185
11.425036,8541,8247,8182
11.436784,8527,8242,8185
11.44568,8536,8245,8187
11.457357,8519,8245,8180
11.465942,8538,8247,8180
11.477633,8533,8250,8182
11.486676,8530,8252,8182
11.498501,8533,8250,8177
11.504905,8527,8245,8182
11.51644,8517,8252,8182
11.525271,8536,8250,8185
11.536759,8538,8250,8182
11.548068,8530,8250,8180
11.557097,8541,8250,8185
11.566141,8522,8252,8182
11.574384,8527,8252,8180
11.585564,8525,8252,8182
11.597199,8530,8252,8185
11.603744,8506,8250,8182
11.615133,8519,8255,8180
11.626731,8522,8252,8185
11.638358,8525,8250,8182
11.644785,8522,8252,8182
11.656111,8517,8255,8180
11.665137,8522,8252,8182
11.676777,8519,8252,8185
11.6858,8514,8252,8185
11.69485,8522,8255,8182
11.707933,8533,8250,8187
11.716964,8536,8255,8182
11.725685,8525,8252,8182
11.734719,8527,8255,8182
11.746368,8530,8250,8177
11.75541,8514,8250,8182
11.76705,8522,8252,8180
11.772967,8527,8252,8182
11.784179,8536,8250,8182
11.795448,8546,8247,8185
11.804483,8541,8252,8182
11.815942,8536,8252,8182
11.824829,8536,8250,8185
11.836534,8522,8247,8185
11.845211,8519,8252,8182
11.855565,8538,8252,8182
11.866468,8530,8247,8185
11.875317,8533,8252,8180
11.884257,8538,8250,8180
11.89552,8541,8247,8182
11.906966,8530,8252,8182
11.916086,8533,8252,8177
11.927779,8536,8252,8182
11.93421,8525,8247,8180
11.945372,8530,8250,8180
11.954394,8527,8247,8180
11.966048,8527,8252,8180
11.975089,8522,8245,8185
11.986766,8538,8250,8180
11.995796,8527,8250,8185
12.007468,8533,8255,8185
12.016514,8525,8250,8185
12.028031,8536,8250,8182
12.034167,8536,8252,8182
12.045792,8541,8255,8182
12.057073,8536,8252,8185
12.066152,8519,8250,8182
12.075269,8525,8250,8185
12.08428,8525,8250,8180
12.095954,8546,8247,8182
12.107232,8519,8250,8185
12.113742,8522,8252,8180
12.124765,8506,8250,8182
12.133402,8517,8250,8182
12.145077,8509,8247,8182
12.156378,8527,8252,8185
12.165249,8517,8247,8185
12.176963,8536,8250,8185
12.186041,8519,8255,8182
12.197672,8517,8250,8182
12.204263,8527,8252,8182
12.216116,8530,8252,8180
12.225213,8517,8252,8182
12.236953,8519,8255,8180
12.246113,8519,8250,8185
12.255233,8522,8252,8187
12.266966,8506,8255,8180
12.276064,8511,8255,8185
12.285086,8511,8255,8180
12.293847,8511,8252,8185
12.30553,8519,8252,8185
12.314716,8514,8255,8185
12.326469,8519,8250,8180
12.33556,8527,8257,8185
12.344245,8506,8255,8180
12.353334,8514,8252,8180
12.369219,8514,8255,8182
12.372511,8519,8250,8185
12.384322,8525,8252,8185
12.395628,8527,8255,8185
12.404745,8519,8255,8180
12.416468,8506,8255,8180
12.422943,8525,8257,8180
12.436946,8525,8255,8182
12.442912,8522,8255,8185
12.456889,8525,8255,8180
12.462597,8530,8252,8185
12.473679,8503,8252,8180
12.485185,8522,8255,8180
12.493905,8517,8250,8180
12.505475,8511,8255,8182
12.514089,8525,8257,8182
12.525821,8527,8250,8182
12.534405,8519,8250,8182
12.543467,8525,8255,8177
12.55208,8519,8252,8182
12.56378,8514,8257,8182
12.572895,8506,8255,8180
12.584504,8511,8255,8182
12.593537,8511,8252,8180
12.605242,8511,8252,8182
12.616841,8514,8250,8182
12.623341,8514,8252,8182
12.63513,8514,8255,8182
12.644204,8519,8252,8182
12.655924,8527,8257,8182
12.664256,8519,8255,8185
12.673396,8519,8252,8182
12.685074,8509,8250,8185
12.694152,8519,8255,8182
12.705857,8533,8255,8182
12.712345,8522,8250,8180
12.726517,8525,8247,8182
12.733032,8549,8247,8185
12.746892,8544,8250,8187
12.753379,8538,8245,8185
12.765065,8581,8245,8187
12.773692,8546,8250,8180
12.785388,8549,8245,8182
12.79431,8578,8245,8187
12.805997,8562,8245,8180
12.815025,8553,8242,8185
12.826667,8562,8247,8182
12.833155,8558,8242,8182
12.844799,8570,8245,8182
12.853105,8573,8242,8182
12.864679,8567,8242,8185
12.876089,8553,8239,8185
12.881831,8567,8245,8185
12.895661,8581,8242,8177
12.904398,8589,8239,8182
12.916124,8578,8239,8185
12.922661,8581,8239,8185
12.934236,8611,8245,8185
12.943312,8592,8237,8182
12.954943,8613,8237,8185
12.963955,8597,8239,8182
12.975061,8627,8232,8185
12.986295,8611,8232,8185
12.99272,8619,8232,8180
13.004076,8635,8230,8182
13.012592,8635,8227,8187
13.023787,8644,8224,8182
13.035293,8650,8224,8182
13.043816,8656,8232,8180
13.055436,8653,8224,8187
13.064462,8659,8227,8185
13.075751,8647,8224,8185
13.084659,8664,8224,8182
13.093727,8661,8224,8182
13.102922,8672,8222,8185
13.114546,8672,8219,8182
13.123195,8680,8219,8185
13.134928,8683,8222,8182
13.143966,8689,8214,8182
13.15561,8694,8212,8182
13.162054,8705,8212,8182
13.173524,8705,8212,8182
13.182564,8702,8212,8185
13.1942,8716,8212,8182
13.205437,8718,8209,8180
13.214502,8736,8206,8180
13.22312,8730,8204,8182
13.232218,8750,8204,8180
13.245938,8761,8206,8182
13.252379,8783,8201,8180
13.263989,8808,8201,8182
13.2729,8827,8196,8185
13.284297,8847,8196,8185
13.293315,8871,8191,8182
13.304808,8889,8188,8185
13.313728,8916,8183,8185
13.325379,8941,8183,8187
13.331615,8969,8181,8185
13.345894,9004,8178,8187
13.352359,9027,8175,8185
13.363862,9052,8175,8185
13.373847,9165,8193,8190
13.38301,9138,8181,8185
13.392469,9163,8175,8187
13.40379,9192,8178,8187
13.412924,9219,8178,8187
13.423965,9246,8178,8187
13.433089,9270,8178,8187
13.444662,9290,8178,8187
13.455337,9307,8175,8187
13.464405,9326,8175,8187
13.473078,9340,8173,8187
13.482115,9354,8175,8187
13.493753,9360,8175,8185
13.502854,9368,8175,8185
13.514517,9379,8175,8187
13.52258,9391,8175,8185
13.534201,9404,8175,8185
13.542931,9424,8175,8187
13.554589,9443,8173,8185
13.563251,9459,8175,8185
13.572339,9476,8175,8187
13.583975,9490,8175,8187
13.592997,9505,8175,8187
13.604555,9515,8175,8187
13.61098,9526,8175,8187
13.625194,9540,8175,8185
13.63161,9551,8175,8185
13.645306,9559,8175,8185
13.651225,9570,8175,8187
13.662362,9580,8178,8185
13.673999,9591,8178,8185
13.685134,9599,8178,8187
13.691576,9610,8178,8187
13.703223,9620,8178,8187
13.712235,9628,8178,8185
13.723899,9634,8178,8187
13.73293,9637,8178,8185
13.744575,9639,8178,8185
13.752604,9639,8178,8185
13.76165,9639,8178,8185
13.773569,9643,8178,8185
13.784315,9648,8178,8185
13.790644,9648,8178,8185
13.802121,9651,8178,8187
13.813538,9654,8178,8187
13.822092,9657,8178,8185
13.833476,9659,8178,8185
13.84249,9657,8178,8187
13.853751,9659,8178,8187
13.862786,9659,8178,8185
13.876307,9659,8175,8185
13.880013,9659,8175,8187
13.89285,9659,8175,8185
13.903743,9662,8175,8185
13.912551,9662,8175,8182
13.924241,9668,8175,8182
13.933333,9668,8178,8182
13.944997,9671,8175,8182
13.950628,9671,8175,8182
13.962156,9674,8175,8185
13.973776,9677,8175,8182
13.982642,9674,8175,8182
13.99433,9677,8175,8182
14.000776,9677,8175,8182
14.014679,9677,8175,8182
14.021122,9674,8175,8185
14.032763,9674,8175,8187
14.04129,9677,8175,8185
14.052848,9677,8175,8187
14.064112,9679,8175,8185
14.073184,9685,8175,8185
14.08422,9690,8175,8185
14.093246,9690,8173,8187
14.10464,9690,8175,8185
14.111083,9693,8175,8185
14.122759,9690,8175,8185
14.131723,9693,8175,8185
14.14332,9693,8175,8185
14.152292,9695,8175,8185
14.163948,9695,8175,8185
14.173031,9701,8175,8185
14.184245,9701,8175,8187
14.193273,9706,8175,8185
14.202309,9701,8175,8187
14.211332,9701,8175,8187
14.222794,9704,8175,8185
14.231687,9710,8175,8187
14.243281,9710,8175,8187
14.25145,9715,8175,8185
14.26308,9718,8175,8187
14.271998,9718,8175,8187
14.281072,9724,8175,8185
14.292429,9724,8178,8187
14.300579,9726,8178,8187
14.311753,9729,8178,8190
14.323412,9737,8178,8185
14.332484,9737,8178,8187
14.343913,9740,8178,8187
14.35035,9742,8178,8185
14.364535,9751,8178,8187
14.37528,9753,8178,8185
14.382516,9753,8178,8187
14.391949,9760,8178,8185
14.400224,9760,8175,8185
14.411952,9760,8175,8187
14.423605,9760,8175,8185
14.432824,9756,8175,8187
14.444099,9760,8175,8187
14.45059,9762,8175,8185
14.462135,9762,8175,8185
14.471131,9771,8175,8185
14.482766,9777,8175,8185
14.491621,9782,8175,8185
14.50325,9785,8178,8185
14.511849,9791,8178,8187
14.52345,9796,8178,8187
14.532478,9801,8178,8187
14.544148,9804,8178,8187
14.550579,9807,8178,8187
14.5622,9809,8178,8185
14.571249,9809,8178,8187
14.582904,9815,8178,8185
14.591968,9815,8178,8187
14.60352,9820,8178,8187
14.609947,9820,8178,8185
14.624152,9823,8178,8185
14.630587,9826,8178,8185
14.641674,9826,8178,8185
14.652846,9828,8178,8187
14.661063,9834,8178,8187
14.670082,9828,8178,8185
14.681372,9831,8178,8185
14.692983,9828,8178,8185
14.703799,9826,8178,8185
14.710225,9823,8175,8185
14.72187,9823,8175,8187
14.730934,9823,8175,8185
14.742152,9820,8175,8185
14.753037,9820,8175,8187
14.762062,9818,8173,8185
14.770897,9820,8175,8185
14.782495,9818,8175,8182
14.791516,9818,8175,8185
14.800536,9815,8175,8185
14.812273,9812,8175,8185
14.821037,9812,8178,8185
14.832678,9809,8178,8185
14.841205,9809,8178,8182
14.852471,9812,8178,8187
14.860695,9809,8178,8185
14.872393,9807,8178,8185
14.883693,9807,8178,8187
14.890203,9809,8178,8185
14.901623,9809,8178,8182
14.910954,9807,8178,8185
14.919995,9807,8178,8185
14.931709,9809,8178,8185
14.940435,9807,8178,8187
14.952123,9809,8178,8185
14.963193,9809,8178,8185
14.969641,9807,8175,8185
14.980776,9807,8178,8185
14.989841,9809,8178,8185
14.998715,9809,8178,8187
15.010311,9818,8178,8187
15.021751,9818,8178,8182
15.030662,9818,8178,8185
15.042398,9820,8178,8187
15.051156,9823,8178,8187
15.059855,9823,8178,8187
15.071667,9828,8178,8185
15.083217,9831,8178,8185
15.089647,9834,8178,8185
15.100879,9834,8178,8185
15.109901,9834,8178,8187
15.121532,9839,8178,8187
15.132602,9839,8178,8185
15.139051,9842,8178,8185
15.153039,9845,8178,8187
15.159478,9842,8178,8190
15.17342,9845,8178,8185
15.179875,9847,8178,8185
15.190989,9847,8178,8185
15.200085,9845,8178,8187
15.211737,9845,8178,8185
15.222297,9842,8178,8185
15.231408,9842,8178,8185
15.242685,9845,8181,8185
15.251719,9845,8181,8185
15.263389,9845,8181,8185
15.269831,9845,8181,8185
15.281499,9845,8181,8190
15.289971,9845,8181,8185
15.301566,9842,8181,8185
15.309804,9842,8181,8185
15.321422,9842,8181,8185
15.332562,9842,8181,8185
15.338541,9842,8178,8185
15.352554,9842,8181,8185
15.361264,9842,8181,8187
15.370134,9842,8183,8185
15.383116,9845,8181,8185
15.391723,9842,8181,8187
15.40102,9842,8181,8185
15.409244,9839,8181,8185
15.422391,9834,8181,8185
15.431163,9828,8181,8185
15.439511,9826,8181,8185
15.450571,9820,8178,8185
15.45968,9812,8178,8185
15.468788,9812,8178,8185
15.480431,9801,8178,8187
15.491426,9809,8178,8185
15.499941,9807,8178,8185
15.511532,9804,8178,8187
15.522346,9807,8178,8185
15.528351,9804,8178,8185
15.5397,9809,8178,8182
15.550957,9804,8178,8185
15.560026,9804,8178,8187
15.571023,9804,8178,8185
15.579891,9801,8178,8185
15.591533,9801,8175,8185
15.599765,9796,8178,8182
15.608786,9796,8178,8185
15.620438,9799,8178,8185
15.631739,9799,8178,8187
15.642895,9796,8178,8185
15.651611,9799,8178,8185
15.660736,9799,8178,8185
15.669057,9799,8175,8185
15.679796,9801,8175,8185
15.691561,9801,8178,8187
15.698107,9799,8178,8182
15.712251,9801,8178,8187
15.721357,9799,8178,8187
15.7325,9801,8178,8182
15.739023,9799,8178,8185
15.750731,9801,8178,8185
15.759831,9804,8181,8187
15.771518,9804,8181,8185
15.778066,9804,8181,8185
15.791875,9804,8181,8185
15.800974,9804,8181,8185
15.812174,9809,8181,8185
15.818651,9812,8181,8187
15.830351,9815,8181,8185
15.839503,9818,8178,8185
15.850997,9820,8181,8185
15.859944,9818,8178,8185
15.871747,9820,8178,8185
15.880593,9820,8178,8185
15.891936,9823,8178,8185
15.901075,9823,8178,8185
15.910453,9823,8178,8185
15.919127,9826,8178,8185
15.930826,9826,8178,8185
15.939844,9823,8178,8185
15.950933,9828,8178,8185
15.960045,9831,8178,8185
15.969214,9831,8178,8185
15.980379,9831,8178,8185
15.992099,9831,8178,8187
15.998112,9831,8178,8185
16.009309,9831,8178,8182
16.020241,9828,8178,8185
16.02934,9826,8178,8185
16.040972,9831,8178,8185
16.050002,9828,8178,8185
16.061219,9831,8178,8185
16.07174,9837,8178,8185
16.078168,9837,8178,8187
16.089116,9839,8178,8185
16.100517,9845,8178,8187
16.111894,9847,8178,8187
16.118377,9847,8178,8185
16.130048,9852,8178,8187
16.139137,9855,8178,8185
16.150876,9863,8178,8187
16.159689,9868,8178,8187
16.171212,9874,8178,8187
16.177672,9885,8178,8187
16.189166,9890,8178,8187
16.19827,9898,8178,8187
16.209794,9904,8178,8187
16.218464,9915,8178,8190
16.229055,9923,8178,8187
16.240597,9934,8178,8187
16.249363,9937,8178,8190
16.260801,9946,8178,8190
16.269884,9954,8178,8187
16.281472,9960,8178,8187
16.290518,9971,8178,8187
16.299562,9977,8178,8192
16.308613,9982,8178,8190
16.320305,9988,8178,8187
16.329342,9993,8178,8187
16.34088,9993,8178,8190
16.346748,10001,8178,8187
16.361041,10001,8178,8190
16.37013,10004,8178,8187
16.378694,10007,8178,8187
16.389967,10007,8175,8187
16.398606,10001,8175,8187
16.409349,10001,8175,8185
16.417835,9996,8175,8187
16.429629,9999,8175,8185
16.438847,9999,8175,8185
16.449886,9996,8175,8187
16.461395,9996,8175,8185
16.467649,9996,8175,8185
16.478356,9993,8175,8187
16.491222,9990,8178,8185
16.500253,9990,8178,8185
16.509191,9988,8175,8185
16.517401,9988,8178,8185
16.528794,9988,8178,8182
16.540453,9982,8178,8185
16.549484,9982,8178,8185
16.560879,9982,8178,8182
16.569454,9980,8178,8182
16.580688,9982,8178,8187
16.587101,9982,8178,8185
16.59828,9980,8178,8185
16.6096,9980,8178,8187
16.621216,9982,8178,8185
16.630255,9982,8178,8185
16.639232,9980,8178,8187
16.648378,9980,8178,8185
16.660149,9977,8178,8185
16.668983,9973,8178,8187
16.680153,9968,8178,8182
16.689434,9965,8178,8185
16.700971,9962,8178,8182
16.709998,9962,8178,8185
16.718542,9960,8178,8185
16.727589,9957,8178,8185
16.739224,9952,8178,8185
16.748014,9952,8175,8182
16.759708,9952,8178,8185
16.768736,9954,8178,8185
16.780367,9949,8178,8185
16.789394,9952,8178,8182
16.800234,9946,8178,8185
16.80606,9949,8178,8185
16.817565,9946,8178,8185
16.829023,9946,8178,8185
16.838047,9946,8178,8185
16.849693,9946,8178,8187
16.858783,9946,8178,8185
16.870182,9946,8178,8185
16.876247,9946,8178,8185
16.890943,9943,8178,8185
16.898413,9943,8178,8185
16.908823,9943,8175,8182
16.916871,9940,8173,8185
16.928185,9943,8175,8185
16.936873,9940,8175,8187
16.950566,9940,8175,8185
16.957049,9940,8175,8185
16.968398,9934,8175,8185
16.977436,9937,8175,8185
16.988662,9937,8175,8185
16.997453,9937,8175,8182
17.008984,9932,8175,8182
17.020017,9932,8178,8185
17.029051,9932,8178,8187
17.040401,9932,8178,8187
17.04942,9934,8178,8185
17.058434,9934,8178,8185
17.067475,9934,8178,8185
17.078882,9932,8178,8187
17.088007,9929,8178,8187
17.099718,9929,8178,8185
17.108807,9929,8178,8187
17.120136,9932,8178,8185
17.128695,9932,8178,8185
17.140362,9934,8178,8185
17.146785,9932,8178,8182
17.158417,9932,8178,8185
17.167447,9934,8178,8185
17.179167,9932,8178,8185
17.188188,9932,8178,8185
17.199839,9932,8178,8185
17.208854,9932,8175,8185
17.220187,9932,8178,8185
17.226651,9929,8178,8185
17.238261,9932,8178,8185
17.249528,9932,8178,8185
17.258583,9932,8178,8185
17.270069,9932,8178,8185
17.276436,9934,8178,8185
17.290005,9934,8178,8185
17.296499,9932,8178,8185
17.31054,9934,8178,8185
17.316957,9929,8178,8187
17.328494,9923,8178,8185
17.337503,9923,8178,8182
17.349156,9918,8178,8185
17.358195,9921,8178,8182
17.367253,9918,8178,8185
17.376284,9921,8178,8185
17.391489,9923,8178,8185
17.398396,9921,8178,8185
17.407737,9923,8178,8185
17.419024,9921,8178,8187
17.427244,9923,8178,8185
17.438938,9926,8178,8187
17.447738,9932,8178,8187
17.456864,9932,8178,8187
17.465892,9934,8178,8185
17.480131,9934,8178,8185
17.486573,9937,8178,8187
17.498253,9940,8178,8180
17.506509,9946,8178,8182
17.518125,9952,8178,8182
17.524526,9952,8178,8185
17.538725,9957,8178,8185
17.547332,9957,8178,8182
17.558874,9954,8178,8185
17.570184,9954,8178,8185
17.576525,9954,8178,8185
17.588172,9952,8178,8182
17.597097,9949,8178,8185
17.608297,9949,8178,8185
17.617378,9946,8178,8182
17.629016,9946,8178,8182
17.638047,9943,8178,8185
17.649713,9940,8178,8185
17.6561,9937,8178,8185
17.667596,9937,8178,8182
17.676654,9937,8178,8185
17.688305,9934,8178,8185
17.697341,9934,8178,8185
17.708638,9934,8178,8182
17.717585,9929,8178,8185
17.729262,9923,8178,8185
17.738288,9923,8178,8185
17.747344,9921,8178,8185
17.756464,9921,8178,8185
17.767708,9918,8178,8185
17.776735,9918,8181,8185
17.788369,9918,8178,8185
17.797398,9918,8178,8185
17.806549,9915,8178,8187
17.817745,9918,8178,8185
17.826419,9921,8178,8185
17.838043,9918,8178,8185
17.848545,9915,8178,8185
17.857043,9915,8178,8185
17.868436,9915,8178,8185
17.877469,9912,8178,8185
17.892944,9912,8178,8182
17.898874,9912,8178,8185
17.907204,9912,8178,8187
17.916312,9915,8178,8185
17.928047,9912,8178,8185
17.936716,9906,8178,8182
17.948419,9904,8178,8185
17.954905,9898,8175,8185
17.966728,9895,8173,8185
17.978338,9895,8175,8185
17.989377,9890,8175,8185
17.995794,9890,8175,8182
18.007458,9885,8175,8182
18.016399,9885,8175,8185
18.027848,9882,8175,8182
18.036901,9876,8175,8185
18.048395,9876,8175,8182
18.057376,9871,8178,8185
18.068962,9868,8178,8185
18.075399,9868,8178,8185
18.087001,9866,8178,8185
18.096017,9863,8178,8185
18.107669,9860,8178,8182
18.116696,9858,8178,8185
18.127607,9855,8178,8185
18.138287,9847,8178,8185
18.147313,9839,8178,8185
18.158967,9837,8178,8182
18.165014,9834,8178,8185
18.176136,9831,8178,8182
18.187722,9834,8178,8185
18.19592,9834,8178,8185
18.207547,9834,8178,8182
18.216141,9834,8178,8185
18.225215,9834,8178,8185
18.238476,9831,8178,8185
18.247495,9828,8178,8185
18.25659,9828,8178,8185
18.265621,9823,8178,8185
18.277169,9818,8178,8185
18.28624,9815,8178,8185
18.297944,9809,8178,8185
18.306993,9809,8178,8185
18.315615,9812,8178,8185
18.327233,9812,8178,8185
18.335527,9809,8178,8185
18.344166,9815,8178,8185
18.357617,9812,8178,8185
18.368718,9812,8178,8185
18.377825,9812,8181,8182
18.386787,9809,8178,8185
18.395633,9812,8181,8185
18.407917,9812,8178,8187
18.417504,9812,8178,8185
18.423529,9809,8178,8185
18.434865,9812,8178,8185
18.446149,9809,8175,8185
18.45785,9807,8178,8185
18.466543,9807,8178,8187
18.475286,9809,8178,8185
18.486592,9809,8178,8185
18.495615,9807,8178,8185
18.50723,9801,8178,8185
18.516254,9801,8178,8182
18.527912,9796,8178,8185
18.536853,9791,8178,8185
18.548479,9788,8178,8182
18.554971,9785,8178,8182
18.566635,9785,8178,8180
18.575738,9782,8178,8185
18.586928,9782,8178,8185
18.596118,9780,8178,8185
18.607668,9777,8178,8185
18.616685,9777,8178,8185
18.628316,9774,8178,8185
18.63447,9771,8178,8185
18.645447,9768,8178,8182
18.654478,9768,8178,8185
18.665663,9765,8178,8185
18.674184,9768,8178,8185
18.685272,9768,8178,8185
18.696901,9768,8181,8185
18.70511,9768,8178,8185
18.716718,9768,8178,8185
18.72512,9771,8178,8182
18.73675,9768,8178,8187
18.748358,9771,8178,8185
18.7548,9774,8178,8187
18.766404,9774,8178,8185
18.775419,9774,8178,8185
18.786956,9780,8178,8185
18.795987,9780,8178,8185
18.807411,9782,8178,8185
18.813852,9785,8178,8185
18.825422,9788,8178,8185
18.834433,9788,8178,8185
18.845935,9791,8178,8185
18.854958,9796,8178,8185
18.865349,9799,8178,8187
18.87423,9801,8178,8187
18.885334,9804,8178,8185
18.896661,9809,8178,8185
18.905255,9815,8178,8187
18.916346,9815,8178,8185
18.925339,9818,8178,8185
18.936967,9818,8178,8185
18.943504,9818,8178,8185
18.95506,9818,8178,8185
18.963872,9815,8178,8185
18.975498,9818,8178,8185
18.984583,9818,8178,8185
18.996233,9820,8178,8185
19.005303,9823,8178,8185
19.016004,9826,8178,8187
19.027234,9823,8178,8187
19.036302,9828,8178,8185
19.047787,9831,8178,8185
19.054,9831,8178,8185
19.06524,9831,8178,8185
19.073769,9834,8178,8187
19.084944,9839,8178,8185
19.096577,9839,8178,8185
19.10566,9842,8173,8187
19.117152,9845,8175,8187
19.123653,9852,8175,8185
19.13774,9858,8175,8185
19.14424,9860,8175,8187
19.155874,9863,8175,8187
19.164781,9863,8175,8187
19.176475,9863,8175,8187
19.185098,9863,8175,8185
19.194334,9860,8175,8185
19.203373,9858,8175,8187
19.217147,9855,8178,8185
19.226191,9855,8178,8185
19.234832,9852,8178,8185
19.243863,9852,8178,8185
19.255081,9845,8178,8182
19.266667,9842,8178,8185
19.273108,9839,8178,8185
19.286869,9837,8178,8185
19.29589,9842,8178,8185
19.307449,9839,8178,8185
19.313862,9837,8178,8185
19.325632,9837,8178,8185
19.334281,9837,8178,8185
19.345899,9837,8178,8185
19.357328,9834,8178,8185
19.363769,9837,8175,8185
19.375421,9834,8178,8185
19.384314,9837,8175,8185
19.400069,9839,8178,8185
19.403856,9839,8175,8185
19.415952,9845,8178,8185
19.425539,9847,8181,8187
19.436232,9847,8181,8185
19.445281,9845,8181,8185
19.456541,9847,8181,8185
19.465639,9847,8181,8185
19.474561,9842,8178,8182
19.483866,9842,8181,8185
19.495085,9842,8181,8185
19.505709,9839,8181,8185
19.513864,9839,8181,8185
19.525487,9842,8181,8185
19.534274,9839,8181,8185
19.543305,9839,8181,8182
19.554578,9839,8181,8185
19.565417,9834,8181,8187
19.574413,9834,8181,8187
19.585995,9834,8181,8185
19.595073,9831,8181,8187
19.606203,9831,8181,8185
19.612638,9828,8181,8185
19.624068,9828,8181,8185
19.633077,9831,8175,8185
19.64208,9828,8175,8185
19.656138,9826,8173,8185
19.662777,9828,8175,8185
19.674244,9826,8175,8185
19.683273,9823,8175,8185
19.694698,9820,8175,8185
19.703569,9818,8175,8185
19.715096,9815,8175,8185
19.724177,9809,8175,8185
19.73581,9807,8178,8185
19.742254,9804,8178,8185
19.753792,9801,8178,8185
19.765027,9799,8178,8185
19.776679,9799,8178,8182
19.783165,9793,8178,8185
19.794822,9791,8178,8182
19.803521,9788,8178,8185
19.814988,9785,8178,8185
19.825501,9785,8178,8185
19.834489,9785,8178,8185
19.84535,9785,8175,8185
19.856398,9782,8178,8185
19.862868,9780,8178,8185
19.874567,9777,8178,8185
19.882747,9774,8178,8185
19.894117,9774,8178,8185
19.903114,9774,8178,8185
19.911757,9771,8178,8185
19.924365,9768,8178,8185
19.935185,9765,8178,8185
19.943843,9762,8175,8185
19.955529,9756,8175,8182
19.962007,9751,8175,8185
19.97358,9751,8175,8185
19.982607,9751,8175,8185
19.993457,9748,8175,8185
20.002354,9753,8175,8185
20.013466,9753,8175,8185
20.022507,9760,8175,8185
20.033782,9756,8175,8187
20.044811,9756,8175,8185
20.055461,9753,8175,8185
20.063753,9748,8178,8185
20.075494,9742,8175,8185
20.081628,9737,8178,8185
20.095689,9734,8178,8185
20.104696,9734,8178,8185
20.116112,9734,8178,8185
20.125129,9732,8178,8185
20.134162,9732,8178,8185
20.143173,9734,8178,8185
20.154793,9732,8181,8185
20.163718,9729,8181,8185
20.175343,9729,8181,8185
20.184429,9726,8181,8185
20.195964,9724,8181,8185
20.202381,9724,8181,8185
20.213977,9724,8181,8185
20.222978,9718,8181,8185
20.234412,9718,8181,8185
20.245681,9715,8181,8185
20.252107,9713,8181,8185
20.263278,9713,8178,8180
20.274109,9710,8175,8182
20.282669,9706,8178,8180
20.293592,9706,8178,8180
20.304992,9701,8178,8180
20.313919,9698,8178,8180
20.325487,9695,8178,8182
20.334329,9693,8175,8182
20.345424,9693,8178,8182
20.351776,9690,8178,8182
20.365314,9687,8178,8185
20.374327,9687,8178,8185
20.38287,9685,8178,8185
20.39405,9682,8178,8185
20.403516,9685,8178,8185
20.41483,9685,8181,8182
20.423552,9682,8178,8182
20.43468,9687,8178,8185
20.443768,9687,8178,8185
20.455478,9690,8178,8185
20.464558,9690,8178,8185
20.473323,9690,8178,8185
20.481831,9693,8178,8185
20.492172,9693,8178,8185
20.503164,9698,8178,8185
20.5143,9698,8181,8185
20.523047,9704,8178,8185
20.534376,9710,8178,8185
20.543161,9713,8178,8185
20.552225,9713,8178,8185
20.560335,9715,8178,8185
20.57411,9715,8178,8185
20.585545,9718,8178,8185
20.592026,9718,8178,8185
20.603577,9718,8178,8182
20.612624,9726,8178,8185
20.624137,9726,8178,8187
20.633172,9726,8178,8185
20.644814,9726,8178,8185
20.653542,9732,8178,8185
20.662637,9732,8178,8187
20.674269,9734,8175,8185
20.683162,9734,8175,8185
20.691666,9737,8175,8185
20.702764,9737,8175,8185
20.714362,9742,8175,8185
20.720819,9742,8175,8187
20.732024,9745,8175,8185
20.743627,9745,8173,8185
20.755242,9745,8175,8185
20.764293,9745,8175,8185
20.772974,9740,8175,8182
20.781982,9742,8178,8185
20.793612,9740,8178,8185
20.801918,9737,8178,8185
20.812987,9737,8178,8185
20.821993,9732,8178,8187
20.833645,9734,8178,8185
20.842669,9737,8178,8185
20.854326,9742,8178,8185
20.860776,9745,8178,8185
20.872368,9745,8178,8185
20.88393,9742,8178,8185
20.892953,9737,8178,8185
20.903341,9734,8178,8185
20.912189,9732,8178,8185
20.923825,9724,8178,8182
20.932915,9721,8178,8182
20.94423,9715,8178,8185
20.950717,9715,8178,8185
20.964941,9710,8178,8185
20.971453,9710,8178,8185
20.982303,9706,8178,8182
20.990215,9710,8178,8185
21.000974,9706,8178,8185
21.014661,9701,8178,8185
21.021114,9701,8178,8182
21.032743,9698,8178,8185
21.043538,9693,8178,8185
21.052309,9693,8178,8185
21.063941,9690,8178,8185
21.072976,9690,8178,8185
21.084347,9687,8178,8185
21.093359,9685,8178,8182
21.104949,9682,8178,8185
21.110849,9679,8178,8187
21.122442,9674,8178,8182
21.133723,9674,8178,8185
21.141929,9671,8178,8185
21.150947,9666,8178,8185
21.162678,9666,8178,8185
21.171695,9659,8175,8185
21.183347,9651,8178,8185
21.192375,9651,8178,8185
21.202483,9646,8175,8182
21.209616,9639,8175,8185
21.221729,9637,8175,8185
21.23133,9631,8175,8182
21.239789,9623,8175,8185
21.252604,9623,8175,8185
21.26218,9618,8175,8185
21.272888,9610,8175,8185
21.282729,9607,8175,8185
21.291033,9607,8175,8185
21.302072,9599,8178,8185
21.31246,9599,8178,8185
21.321125,9599,8178,8185
21.332751,9596,8178,8185
21.343905,9596,8178,8185
21.35293,9593,8175,8185
21.361503,9591,8178,8185
21.372865,9591,8178,8185
21.381538,9585,8178,8185
21.393192,9585,8178,8185
21.403386,9582,8178,8187
21.412407,9580,8175,8185
21.423536,9574,8175,8185
21.432098,9570,8175,8185
21.443786,9567,8175,8185
21.452353,9567,8175,8185
21.461302,9561,8175,8185
21.472852,9561,8175,8185
21.481797,9556,8175,8185
21.493369,9559,8175,8185
21.501848,9556,8175,8185
21.513425,9553,8178,8185
21.522453,9556,8178,8185
21.531144,9553,8178,8185
21.542797,9553,8178,8185
21.55124,9556,8178,8182
21.562848,9551,8175,8182
21.574388,9551,8178,8185
21.580819,9548,8178,8185
21.592431,9548,8178,8182
21.601274,9545,8178,8185
21.61289,9543,8178,8185
21.621914,9540,8178,8185
21.63359,9540,8178,8185
21.642596,9537,8178,8185
21.654194,9537,8178,8185
21.660646,9540,8178,8185
21.672298,9543,8178,8185
21.681098,9543,8178,8185
21.692731,9537,8178,8185
21.700873,9534,8178,8185
21.712494,9532,8178,8185
21.723702,9524,8178,8182
21.73014,9518,8181,8185
21.744291,9518,8178,8182
21.750619,9518,8178,8185
21.762214,9518,8178,8185
21.771198,9521,8175,8185
21.781928,9521,8178,8182
21.793137,9526,8178,8185
21.799557,9521,8178,8185
21.813419,9524,8178,8185
21.82244,9526,8178,8185
21.831427,9521,8178,8185
21.840461,9518,8178,8185
21.851552,9518,8178,8185
21.860569,9518,8178,8185
21.872181,9518,8178,8182
21.880503,9518,8178,8185
21.892121,9518,8178,8185
21.902663,9510,8178,8187
21.913698,9515,8178,8185
21.920748,9513,8178,8182
21.931819,9513,8178,8182
21.940691,9510,8178,8182
21.9524,9510,8178,8185
21.958888,9510,8178,8185
21.973001,9507,8178,8185
21.982099,9507,8178,8182
21.993615,9505,8178,8182
22.000069,9505,8178,8185
22.011733,9499,8178,8185
22.022615,9499,8178,8182
22.031665,9497,8175,8185
22.04328,9494,8178,8185
22.049715,9490,8178,8185
22.061342,9490,8178,8185
22.069549,9487,8178,8185
22.080827,9485,8178,8185
22.092167,9487,8178,8182
22.101169,9482,8178,8185
22.112373,9478,8178,8185
22.121406,9473,8175,8185
22.132741,9478,8178,8185
22.14179,9476,8178,8185
22.152992,9478,8178,8185
22.161567,9473,8178,8187
22.169862,9476,8178,8185
22.181527,9476,8178,8185
22.190388,9476,8178,8185
22.202053,9473,8178,8187
22.21041,9478,8178,8182
22.221921,9478,8178,8185
22.230983,9476,8178,8187
22.240529,9473,8178,8187
22.251858,9473,8178,8185
22.260901,9473,8178,8185
22.272571,9465,8178,8185
22.27905,9467,8178,8182
22.293165,9462,8178,8185
22.299587,9459,8178,8182
22.311234,9457,8178,8182
22.320185,9448,8178,8185
22.331824,9446,8178,8185
22.340841,9440,8178,8185
22.35247,9435,8175,8185
22.358795,9430,8175,8185
22.372868,9424,8175,8185
22.381757,9420,8175,8182
22.390818,9412,8175,8185
22.401338,9410,8175,8185
22.409723,9404,8175,8185
22.423132,9404,8175,8182
22.429568,9401,8175,8182
22.441283,9401,8175,8185
22.449909,9401,8175,8185
22.461578,9401,8178,8185
22.467805,9399,8178,8185
22.479425,9401,8178,8185
22.491054,9396,8178,8185
22.502666,9391,8178,8185
22.509148,9384,8178,8185
22.520546,9379,8178,8185
22.529604,9376,8178,8185
22.54123,9376,8178,8185
22.550234,9376,8178,8185
22.561277,9376,8178,8185
22.570243,9373,8178,8185
22.581762,9376,8178,8185
22.592733,9379,8178,8185
22.599175,9376,8178,8185
22.610852,9373,8178,8185
22.619728,9373,8178,8185
22.631381,9368,8178,8182
22.640414,9368,8178,8185
22.651939,9365,8178,8185
22.660979,9365,8178,8182
22.672609,9365,8178,8185
22.681911,9363,8178,8185
22.688242,9360,8178,8185
22.699044,9360,8178,8182
22.709821,9357,8178,8182
22.721454,9357,8178,8187
22.730477,9352,8178,8185
22.742151,9348,8178,8185
22.748407,9345,8178,8185
22.762577,9340,8178,8182
22.769042,9340,8178,8185
22.780678,9332,8178,8185
22.789621,9326,8175,8185
22.800946,9324,8178,8182
22.807326,9318,8178,8185
22.818981,9315,8178,8185
22.830595,9313,8178,8185
22.842236,9315,8178,8182
22.850987,9307,8178,8187
22.857382,9310,8178,8185
22.869037,9307,8178,8185
22.880084,9305,8178,8185
22.889796,9302,8178,8185
22.89963,9302,8178,8182
22.910723,9305,8178,8185
22.916734,9302,8178,8182
22.92985,9299,8175,8185
22.93877,9297,8178,8185
22.946885,9293,8178,8182
22.958557,9293,8178,8185
22.969716,9299,8178,8185
22.978744,9302,8178,8185
22.990303,9302,8178,8185
22.998346,9305,8178,8185
23.009358,9305,8178,8185
23.020552,9302,8178,8185
23.029564,9305,8178,8182
23.038098,9305,8175,8185
23.051866,9307,8178,8185
23.058291,9313,8178,8185
23.070025,9313,8178,8185
23.07901,9315,8178,8185
23.090077,9318,8178,8185
23.101166,9324,8175,8185
23.110178,9326,8178,8185
23.12133,9329,8178,8185
23.130342,9329,8178,8185
23.138966,9332,8178,8185
23.148017,9334,8178,8185
23.159691,9332,8175,8182
23.168689,9332,8175,8185
23.180303,9332,8178,8187
23.18931,9337,8181,8185
23.200938,9340,8181,8185
23.209953,9348,8178,8185
23.221509,9352,8178,8185
23.227947,9360,8178,8185
23.239418,9363,8181,8185
23.248451,9371,8181,8185
23.259984,9368,8181,8185
23.268999,9371,8181,8185
23.280887,9368,8181,8187
23.289946,9368,8178,8185
23.301052,9371,8178,8185
23.309179,9371,8178,8185
23.320469,9376,8178,8185
23.329518,9376,8178,8185
23.338608,9381,8178,8185
23.350271,9384,8178,8185
23.359194,9384,8178,8185
23.370443,9387,8178,8185
23.379527,9387,8178,8185
23.391106,9384,8178,8182
23.400196,9384,8175,8185
23.409237,9381,8175,8185
23.420504,9379,8175,8185
23.429666,9376,8175,8185
23.438937,9376,8175,8185
23.448233,9373,8175,8185
23.459994,9371,8173,8185
23.468766,9371,8175,8185
23.480538,9368,8175,8182
23.491215,9363,8175,8185
23.497699,9360,8178,8182
23.50942,9352,8178,8182
23.518554,9345,8178,8185
23.530301,9340,8178,8185
23.536789,9332,8178,8185
23.550977,9324,8178,8185
23.560097,9315,8178,8185
23.57152,9305,8178,8182
23.57804,9297,8178,8180
23.589645,9285,8178,8185
23.598485,9276,8178,8185
23.609897,9259,8178,8182
23.618981,9254,8178,8182
23.630414,9240,8178,8182
23.636362,9227,8178,8185
23.650663,9211,8178,8182
23.659748,9190,8178,8182
23.668837,9163,8178,8182
23.677966,9141,8175,8182
23.689607,9118,8178,8182
23.698423,9096,8178,8182
23.710173,9071,8178,8185
23.719235,9047,8178,8182
23.730827,9018,8175,8185
23.737333,8993,8178,8177
23.748975,8969,8178,8182
23.756614,8954,8178,8182
23.767771,8936,8175,8185
23.78067,8921,8178,8182
23.786995,8916,8175,8182
23.798118,8902,8181,8182
23.80969,8891,8178,8182
23.817938,8879,8178,8185
23.826998,8863,8181,8182
23.838605,8852,8183,8185
23.847702,8836,8178,8185
23.859484,8824,8181,8187
23.868308,8813,8181,8185
23.879341,8804,8186,8182
23.890511,8802,8183,8185
23.896952,8793,8186,8180
23.91085,8783,8188,8182
23.917712,8774,8188,8185
23.927038,8766,8191,8182
23.938123,8756,8193,8180
23.946853,8750,8193,8182
23.958513,8738,8193,8182
23.967582,8730,8193,8185
23.979284,8718,8196,8185
23.988273,8710,8201,8182
23.999902,8699,8201,8182
24.008991,8691,8204,8180
24.020288,8689,8206,8182
24.026734,8678,8206,8182
24.040884,8680,8206,8185
24.047313,8680,8209,8185
24.059301,8683,8209,8182
24.068002,8694,8209,8182
24.079662,8686,8209,8182
24.086108,8691,8209,8185
24.097747,8683,8209,8185
24.109461,8694,8212,8185
24.118598,8686,8209,8182
24.130196,8678,8209,8182
24.138783,8689,8209,8182
24.147557,8686,8212,8180
24.159307,8686,8212,8185
24.168366,8699,8209,8182
24.179988,8686,8209,8185
24.18643,8691,8212,8182
24.20026,8697,8209,8185
24.206736,8707,8209,8182
24.217705,8697,8212,8185
24.22674,8697,8212,8180
24.23841,8694,8212,8182
24.247222,8697,8212,8185
24.258837,8697,8214,8182
24.267657,8699,8212,8182
24.279311,8694,8212,8185
24.287835,8689,8212,8185
24.299485,8675,8212,8182
24.308207,8683,8214,8182
24.316409,8689,8212,8182
24.327655,8689,8214,8185
24.339324,8683,8212,8180
24.345765,8686,8212,8180
24.357157,8678,8212,8182
24.365849,8683,8212,8182
24.377473,8678,8212,8185
24.385956,8680,8212,8182
24.397124,8670,8209,8185
24.410559,8672,8214,8180
24.419142,8672,8214,8182
24.428208,8672,8214,8182
24.439483,8678,8214,8182
24.448602,8672,8212,8182
24.457603,8672,8212,8182
24.466745,8683,8212,8182
24.478428,8678,8212,8180
24.486923,8683,8212,8182
24.498249,8686,8209,8182
24.509606,8689,8212,8182
24.515163,8702,8209,8182
24.526564,8694,8212,8182
24.538175,8691,8212,8182
24.547167,8686,8209,8180
24.558816,8699,8212,8182
24.565101,8697,8209,8182
24.579212,8694,8212,8185
24.58824,8689,8209,8185
24.5999,8694,8209,8182
24.606328,8689,8209,8185
24.617128,8686,8212,8185
24.628479,8694,8212,8185
24.637254,8686,8212,8180
24.648476,8686,8212,8182
24.657516,8694,8212,8182
24.669157,8691,8209,8185
24.678202,8683,8212,8182
24.684302,8691,8212,8180
24.695891,8678,8212,8182
24.706963,8670,8212,8182
24.715994,8683,8212,8182
24.727656,8686,8212,8182
24.736535,8686,8212,8185
24.748195,8689,8209,8182
24.756723,8699,8212,8182
24.767904,8691,8212,8185
24.776472,8691,8212,8182
24.788123,8689,8212,8185
24.796335,8680,8209,8182
24.806936,8686,8214,8182
24.818079,8678,8214,8182
24.826687,8664,8214,8182
24.838323,8661,8214,8185
24.84919,8670,8214,8180
24.855618,8675,8212,8180
24.867306,8659,8217,8182
24.87629,8672,8214,8182
24.890091,8675,8214,8182
24.896051,8683,8214,8182
24.910937,8675,8214,8182
24.917541,8678,8212,8182
24.927092,8678,8212,8182
24.938617,8686,8212,8182
24.945104,8689,8212,8182
24.958911,8683,8212,8182
24.96771,8686,8214,8182
24.979413,8689,8217,8182
24.98591,8691,8214,8182
24.996533,8683,8214,8180
25.007584,8689,8217,8180
25.019125,8689,8212,8185
25.025506,8680,8214,8182
25.037113,8694,8214,8185
25.045911,8680,8214,8180
25.05745,8686,8214,8180
25.065954,8697,8212,8185
25.075029,8691,8214,8185
25.08599,8694,8212,8185
25.096816,8697,8214,8180
25.10588,8697,8209,8185
25.117403,8699,8212,8185
25.126364,8705,8209,8182
25.137988,8707,8206,8185
25.148684,8713,8209,8182
25.155087,8713,8209,8182
25.166764,8707,8206,8185
25.175775,8713,8212,8182
25.186832,8716,8209,8185
25.195521,8718,8209,8182
25.207139,8721,8209,8180
25.218467,8718,8212,8182
25.227489,8718,8209,8185
25.239108,8713,8209,8182
25.24556,8710,8206,8185
25.257054,8710,8212,8182
25.266078,8713,8209,8182
25.277716,8707,8206,8182
25.284166,8718,8206,8182
25.298018,8716,8209,8182
25.307048,8718,8206,8182
25.31869,8718,8206,8182
25.32477,8716,8204,8185
25.334725,8716,8206,8185
25.345011,8707,8206,8182
25.35583,8713,8209,8185
25.366855,8710,8209,8185
25.375288,8702,8206,8182
25.385162,8705,8209,8185
25.39575,8713,8209,8180
25.407282,8710,8206,8182
25.417404,8707,8206,8182
25.425945,8716,8206,8185
25.436799,8713,8209,8182
25.445068,8707,8206,8185
25.453931,8710,8206,8185
25.467747,8716,8206,8180
25.476826,8716,8209,8185
25.488557,8727,8209,8182
25.495057,8725,8206,8185
25.505476,8725,8206,8185
25.517103,8727,8204,8185
25.525445,8727,8206,8185
25.534404,8727,8206,8185
25.545873,8725,8204,8182
25.554896,8730,8204,8185
25.566062,8741,8206,8185
25.575076,8745,8204,8182
25.586657,8745,8204,8182
25.594876,8747,8201,8185
25.60633,8750,8201,8185
25.617755,8747,8201,8187
25.624206,8747,8201,8182
25.63308,8753,8201,8182
25.647221,8756,8201,8182
25.658416,8756,8204,8182
25.664871,8758,8201,8182
25.676519,8761,8199,8185
25.685405,8766,8199,8185
25.697112,8766,8201,8185
25.706295,8774,8199,8180
25.717715,8783,8199,8185
25.724122,8788,8196,8185
25.735629,8796,8193,8182
25.744106,8808,8193,8182
25.75569,8819,8191,8185
25.767008,8832,8193,8185
25.776036,8847,8191,8185
25.78768,8863,8188,8185
25.793693,8879,8188,8185
25.804991,8891,8183,8185
25.816712,8899,8183,8185
25.825234,8916,8183,8185
25.834209,8924,8181,8185
25.845846,8938,8181,8182
25.857278,8949,8178,8185
25.865956,8954,8178,8182
25.877622,8963,8178,8185
25.883443,8974,8175,8185
25.895255,8980,8175,8185
25.905364,8996,8178,8185
25.916688,9012,8178,8187
25.92532,9038,8175,8185
25.933173,9047,8178,8185
25.94577,9058,8178,8185
25.955656,9069,8178,8185
25.965061,9077,8178,8185
25.975297,9085,8178,8185
25.986162,9098,8178,8185
25.995768,9106,8175,8187
26.00477,9113,8178,8187
26.014646,9127,8178,8185
26.022514,9138,8181,8185
26.034857,9152,8181,8185
26.046051,9165,8181,8187
26.054152,9179,8181,8185
26.064831,9190,8181,8185
26.072793,9200,8181,8185
26.085519,9216,8181,8182
26.095947,9227,8181,8182
26.103644,9240,8181,8182
26.116293,9249,8178,8182
26.124337,9257,8178,8182
26.134993,9267,8178,8182
26.145564,9279,8178,8182
26.153836,9287,8178,8185
26.164576,9299,8175,8182
26.173092,9313,8178,8185
26.183745,9326,8178,8182
26.193768,9332,8178,8185
26.204002,9343,8178,8185
26.21426,9352,8178,8185
26.222171,9357,8178,8185
26.234637,9363,8178,8185
26.245046,9368,8178,8185
26.254712,9373,8178,8185
26.265278,9381,8178,8185
26.274705,9379,8178,8185
26.2819,9384,8178,8182
26.293675,9391,8178,8185
26.303219,9393,8178,8185
26.313614,9399,8178,8185
26.327117,9401,8175,8185
26.33598,9412,8175,8185
26.34497,9418,8175,8182
26.353362,9420,8175,8185
26.366888,9427,8175,8185
26.375446,9432,8173,8185
26.384562,9438,8175,8182
26.395092,9440,8175,8187
26.403482,9446,8175,8187
26.416354,9454,8175,8185
26.42551,9459,8175,8185
26.434377,9465,8178,8185
26.446013,9470,8178,8185
26.457119,9478,8178,8185
26.463612,9485,8178,8185
26.475227,9494,8178,8187
26.483483,9494,8178,8185
26.49516,9499,8178,8185
26.506406,9502,8178,8185
26.515155,9505,8178,8185
26.526483,9507,8178,8185
26.532922,9515,8178,8185
26.546979,9524,8178,8182
26.552969,9534,8178,8185
26.564148,9548,8178,8187
26.573211,9561,8178,8187
26.584594,9580,8178,8185
26.593126,9593,8178,8187
26.604751,9610,8175,8187
26.613809,9620,8178,8185
26.62491,9628,8178,8187
26.633959,9634,8178,8185
26.644907,9631,8178,8185
26.655323,9634,8178,8185
26.664185,9631,8175,8185
26.675793,9628,8178,8187
26.684018,9631,8178,8185
26.693025,9637,8178,8182
26.70421,9637,8178,8182
26.713238,9637,8178,8185
26.724375,9637,8178,8185
26.733064,9634,8178,8185
26.743935,9634,8178,8185
26.755305,9634,8178,8185
26.764145,9631,8178,8185
26.775861,9628,8178,8185
26.78199,9623,8178,8182
26.793703,9620,8178,8182
26.802312,9612,8178,8185
26.813567,9610,8178,8185
26.824879,9604,8178,8185
26.83315,9601,8178,8185
26.844795,9599,8178,8185
26.855916,9596,8178,8185
26.862439,9596,8178,8185
26.876215,9593,8178,8185
26.885433,9593,8175,8185
26.896108,9591,8178,8185
26.905148,9585,8178,8185
26.917728,9582,8178,8185
26.924439,9580,8178,8182
26.936068,9577,8178,8185
26.942514,9574,8178,8185
26.953065,9570,8178,8182
26.96489,9574,8178,8185
26.976473,9574,8178,8185
26.981844,9570,8178,8185
26.992598,9574,8178,8185
27.002544,9570,8178,8185
27.015754,9570,8178,8185
27.0247,9570,8178,8185
27.03374,9564,8178,8185
27.044861,9564,8178,8185
27.053479,9561,8178,8185
27.063938,9559,8178,8185
27.073907,9559,8178,8185
27.084694,9561,8178,8185
27.093687,9561,8178,8185
27.105104,9559,8178,8185
27.11413,9556,8178,8182
27.125528,9561,8178,8182
27.134375,9559,8178,8182
27.146017,9556,8178,8185
27.155035,9556,8178,8182
27.164065,9556,8181,8180
27.173108,9553,8181,8182
27.184702,9553,8181,8180
27.193493,9553,8181,8182
27.204823,9553,8181,8185
27.212401,9556,8181,8185
27.222789,9556,8181,8185
27.233209,9553,8181,8185
27.244397,9553,8181,8185
27.252604,9553,8181,8185
27.264209,9553,8181,8185
27.27567,9553,8178,8185
27.281789,9556,8178,8185
27.293035,9556,8178,8185
27.304677,9561,8178,8185
27.315828,9564,8178,8185
27.324785,9564,8178,8185
27.332382,9564,8178,8185
27.344969,9564,8178,8185
27.355675,9561,8178,8185
27.36472,9556,8178,8185
27.373962,9551,8178,8182
27.382526,9545,8178,8182
27.392969,9543,8178,8185
27.404278,9540,8178,8185
27.412305,9540,8178,8185
27.423231,9545,8178,8185
27.432436,9548,8178,8185
27.444606,9548,8178,8185
27.453309,9551,8178,8185
27.462374,9551,8178,8185
27.474029,9553,8175,8185
27.48301,9551,8175,8185
27.494334,9551,8175,8185
27.503569,9551,8175,8185
27.512486,9551,8175,8185
27.524097,9548,8175,8185
27.535648,9540,8175,8182
27.542077,9540,8175,8185
27.553621,9540,8175,8185
27.562616,9537,8175,8182
27.573932,9537,8175,8182
27.584494,9532,8175,8182
27.593508,9532,8175,8185
27.602465,9529,8175,8185
27.61373,9526,8175,8185
27.621566,9524,8175,8185
27.632457,9515,8175,8185
27.643836,9515,8175,8185
27.652345,9510,8175,8182
27.663987,9510,8175,8182
27.673051,9505,8175,8185
27.682137,9502,8181,8185
27.693751,9505,8181,8182
27.705291,9502,8181,8185
27.711718,9502,8181,8185
27.722921,9502,8178,8185
27.733509,9502,8181,8185
27.74262,9502,8181,8182
27.753902,9499,8181,8185
27.762964,9499,8181,8182
27.774618,9499,8181,8182
27.78369,9497,8181,8185
27.795225,9497,8178,8185
27.801662,9497,8178,8185
27.810099,9499,8178,8185
27.824189,9497,8175,8185
27.832644,9499,8178,8185
27.841675,9499,8178,8185
27.853259,9497,8178,8185
27.862338,9497,8178,8185
27.873975,9497,8178,8185
27.883011,9499,8178,8185
27.89465,9497,8181,8185
27.903642,9494,8181,8185
27.914705,9490,8181,8185
27.920413,9494,8181,8182
27.931629,9490,8181,8185
27.943029,9487,8181,8185
27.952047,9490,8181,8185
27.963573,9487,8181,8185
27.972481,9490,8181,8187
27.983633,9487,8181,8185
27.994547,9490,8181,8185
28.003503,9487,8175,8185
28.012589,9487,8175,8185
28.021612,9482,8175,8185
28.032967,9482,8175,8185
28.042004,9482,8175,8185
28.053635,9482,8175,8182
28.062674,9478,8175,8185
28.074337,9478,8175,8185
28.083374,9478,8173,8182
28.092349,9482,8175,8182
28.101299,9476,8178,8185
28.112937,9478,8178,8182
28.121795,9482,8178,8185
28.131785,9476,8178,8185
28.142427,9478,8178,8185
28.153678,9478,8178,8185
28.162835,9478,8178,8185
28.174333,9478,8178,8187
28.180766,9478,8178,8182
28.192455,9478,8178,8185
28.200659,9482,8178,8185
28.212059,9485,8178,8185
28.22034,9487,8175,8185
28.231773,9487,8178,8185
28.242974,9487,8178,8182
28.250788,9490,8178,8185
28.262343,9497,8178,8185
28.273643,9497,8178,8185
28.282747,9497,8178,8185
28.293692,9494,8178,8185
28.30156,9490,8178,8182
28.309357,9482,8181,8182
28.322957,9470,8181,8185
28.334254,9467,8181,8182
28.343387,9462,8181,8185
28.349945,9457,8181,8185
28.361503,9457,8181,8185
28.37284,9454,8181,8185
28.380859,9454,8181,8185
28.392123,9457,8181,8185
28.403687,9457,8181,8187
28.410181,9457,8181,8185
28.422989,9459,8178,8185
28.434424,9459,8178,8185
28.440985,9462,8178,8185
28.452743,9459,8175,8185
28.460761,9457,8178,8185
28.471252,9459,8178,8185
28.481788,9459,8178,8182
28.492286,9459,8175,8185
28.503202,9457,8178,8187
28.510946,9457,8178,8185
28.519552,9462,8178,8182
28.533274,9462,8178,8187
28.541559,9467,8178,8182
28.552709,9467,8178,8185
28.561835,9467,8178,8185
28.570862,9467,8178,8185
28.582173,9465,8178,8185
28.591196,9465,8178,8185
28.602834,9459,8178,8185
28.611507,9459,8178,8185
28.622976,9459,8178,8182
28.631996,9457,8178,8185
28.641033,9459,8178,8182
28.650078,9462,8178,8185
28.661164,9462,8178,8182
28.67282,9465,8178,8185
28.6838,9465,8178,8185
28.690247,9465,8178,8185
28.701833,9462,8178,8185
28.710902,9467,8178,8185
28.722479,9467,8178,8185
28.73129,9467,8178,8185
28.742671,9467,8178,8187
28.751186,9470,8178,8182
28.762809,9473,8178,8185
28.773995,9473,8178,8185
28.780426,9473,8175,8185
28.792088,9476,8178,8185
28.801046,9476,8178,8185
28.812522,9476,8178,8182
28.821164,9478,8178,8185
28.83288,9482,8178,8187
28.841299,9478,8178,8185
28.850326,9478,8178,8185
28.860901,9482,8178,8185
28.872121,9482,8178,8185
28.880367,9482,8178,8185
28.890919,9487,8178,8185
28.900274,9487,8178,8185
28.910028,9490,8178,8185
28.924611,9490,8178,8185
28.932861,9490,8178,8185
28.942348,9494,8178,8185
28.950933,9497,8178,8185
28.960024,9497,8178,8185
28.973229,9499,8178,8185
28.981844,9499,8178,8185
28.990475,9497,8178,8182
28.999563,9499,8178,8185
29.01303,9502,8178,8185
29.022054,9502,8178,8185
29.03089,9507,8178,8185
29.040012,9510,8178,8182
29.051316,9510,8178,8185
29.059835,9513,8178,8185
29.071409,9513,8178,8182
29.080264,9518,8178,8185
29.091906,9518,8178,8185
29.100783,9524,8178,8185
29.112247,9529,8178,8185
29.118548,9532,8175,8185
29.13279,9534,8178,8185
29.14081,9534,8178,8185
29.149878,9537,8181,8182
29.161142,9540,8181,8185
29.170193,9540,8181,8185
29.181822,9540,8181,8185
29.190486,9540,8181,8185
29.201951,9540,8181,8185
29.209929,9545,8181,8185
29.221598,9543,8181,8187
29.232659,9543,8181,8185
29.241698,9543,8181,8185
29.250249,9540,8181,8185
29.25884,9537,8178,8185
29.272923,9532,8178,8185
29.281862,9532,8178,8185
29.290875,9526,8178,8185
29.299752,9532,8178,8185
29.308558,9532,8178,8185
29.319396,9534,8178,8185
29.331006,9537,8178,8185
29.339985,9543,8178,8185
29.351332,9543,8178,8185
29.36029,9545,8178,8185
29.371693,9545,8178,8185
29.380712,9545,8178,8182
29.392468,9548,8178,8185
29.401073,9545,8178,8185
29.412698,9545,8178,8185
29.41915,9545,8178,8185
29.430281,9545,8178,8182
29.439805,9548,8178,8185
29.451142,9548,8178,8185
29.460254,9551,8178,8185
29.471421,9551,8178,8185
29.480307,9556,8178,8182
29.491986,9559,8178,8182
29.501111,9559,8178,8185
29.509687,9559,8178,8185
29.521321,9559,8178,8185
29.530171,9561,8178,8185
29.539218,9561,8178,8185
29.550856,9559,8178,8185
29.559794,9556,8178,8185
29.571443,9553,8178,8185
29.580389,9553,8178,8185
29.589411,9551,8178,8187
29.600682,9551,8178,8185
29.612238,9548,8178,8185
29.621273,9551,8178,8185
29.630324,9551,8178,8185
29.639049,9551,8178,8185
29.650599,9545,8178,8185
29.661709,9545,8178,8185
29.670188,9545,8178,8182
29.679213,9540,8175,8185
29.690745,9540,8175,8185
29.699833,9537,8175,8185
29.711338,9537,8175,8185
29.720416,9537,8175,8185
29.732009,9537,8175,8187
29.741023,9537,8175,8182
29.752527,9537,8175,8182
29.758951,9537,8175,8185
29.770208,9537,8175,8185
29.779217,9537,8178,8185
29.790875,9534,8178,8185
29.799466,9534,8178,8182
29.811119,9534,8178,8185
29.819329,9534,8178,8182
29.830917,9534,8178,8185
29.839557,9532,8178,8185
29.85063,9532,8178,8185
29.858815,9532,8178,8185
29.86982,9529,8178,8185
29.881478,9529,8181,8185
29.887916,9524,8181,8185
29.901232,9529,8181,8185
29.910005,9529,8181,8182
29.921159,9529,8181,8182
29.930016,9524,8181,8182
29.941633,9524,8181,8185
29.951348,9521,8181,8185
29.960494,9521,8181,8187
29.969032,9524,8181,8182
29.978124,9518,8181,8185
29.989313,9521,8178,8185
29.99804,9518,8178,8185
30.009729,9518,8178,8185
30.017979,9518,8178,8185
30.029589,9515,8181,8185
30.041272,9515,8178,8185
30.04988,9515,8178,8185
30.061426,9515,8178,8185
30.069831,9515,8178,8185
30.081518,9513,8178,8182
30.090512,9513,8178,8185
30.099514,9513,8178,8185
30.108372,9515,8178,8185
30.119971,9515,8178,8185
30.128997,9518,8178,8185
30.140632,9518,8178,8185
30.149248,9521,8178,8185
30.160829,9515,8178,8185
30.16903,9510,8178,8185
30.178085,9510,8178,8185
30.189662,9502,8178,8185
30.198535,9494,8175,8185
30.210165,9494,8175,8182
30.22062,9487,8175,8185
30.229663,9485,8173,8185
30.24131,9494,8175,8182
30.25012,9494,8175,8182
30.261709,9497,8175,8185
30.268165,9497,8175,8182
30.279804,9497,8175,8185
30.288523,9497,8175,8185
30.299881,9494,8181,8185
30.308374,9497,8178,8185
30.317397,9487,8178,8185
30.328769,9487,8178,8185
30.340388,9482,8178,8182
30.349283,9482,8178,8185
30.358306,9476,8178,8185
30.369935,9473,8178,8182
30.381001,9473,8178,8182
30.389199,9473,8178,8185
30.398298,9473,8178,8185
30.409475,9470,8178,8185
30.418529,9470,8178,8185
30.43102,9467,8178,8185
30.440166,9462,8178,8185
30.449199,9462,8178,8185
30.459389,9457,8178,8185
30.467527,9451,8178,8185
30.479034,9448,8178,8185
30.490761,9448,8178,8185
30.499845,9446,8178,8185
30.508831,9443,8175,8185
30.517189,9443,8175,8185
30.528278,9446,8175,8185
30.539671,9443,8175,8185
30.54851,9443,8175,8182
30.560158,9440,8175,8185
30.566564,9440,8175,8185
30.578159,9435,8175,8185
30.588677,9432,8175,8185
30.597203,9432,8175,8185
30.608079,9430,8175,8185
30.61989,9432,8175,8182
30.630967,9430,8175,8185
30.640093,9432,8175,8185
30.64874,9435,8175,8185
30.65776,9435,8175,8185
30.669409,9443,8175,8182
30.678366,9443,8175,8185
30.689177,9443,8175,8185
30.69738,9446,8175,8185
30.708994,9448,8175,8182
30.720362,9446,8175,8185
30.729388,9446,8175,8185
30.737988,9443,8175,8182
30.747014,9443,8175,8185
30.760879,9438,8175,8185
30.769886,9435,8173,8185
30.778865,9435,8175,8182
30.787579,9430,8175,8185
30.79877,9430,8175,8185
30.80933,9424,8175,8185
30.817584,9424,8175,8182
30.8292,9424,8178,8185
30.84062,9420,8178,8185
30.849181,9420,8178,8185
30.860929,9418,8178,8185
30.867439,9420,8178,8185
30.878389,9420,8178,8185
30.8888,9418,8178,8185
30.897249,9415,8178,8185
30.908663,9412,8178,8182
30.917571,9412,8178,8185
30.928916,9410,8178,8185
30.938116,9410,8178,8182
30.949256,9407,8178,8185
30.958177,9410,8175,8182
30.969621,9407,8178,8185
30.978332,9404,8175,8185
30.98941,9404,8178,8185
30.997786,9404,8178,8185
31.006918,9407,8178,8185
31.018089,9404,8178,8185
31.028362,9410,8178,8185
31.037293,9410,8181,8185
31.048577,9412,8181,8185
31.057128,9412,8181,8185
31.068744,9415,8181,8185
31.07753,9410,8181,8185
31.086605,9410,8181,8185
31.098054,9407,8181,8185
31.107102,9399,8181,8182
31.118071,9391,8181,8185
31.129253,9387,8181,8187
31.137789,9381,8178,8185
31.148718,9384,8175,8185
31.157669,9384,8178,8185
31.169111,9384,8178,8185
31.179732,9387,8178,8185
31.18876,9387,8175,8185
31.2004,9384,8178,8185
31.206771,9387,8178,8185
31.217537,9387,8178,8185
31.226564,9384,8178,8185
31.240328,9384,8178,8185
31.24618,9379,8175,8185
31.257138,9381,8178,8185
31.268637,9376,8178,8187
31.277566,9376,8178,8185
31.289192,9376,8178,8185
31.298239,9376,8178,8187
31.309917,9373,8178,8185
31.318972,9373,8178,8185
31.33021,9373,8178,8185
31.336706,9373,8178,8185
31.348446,9371,8178,8185
31.357514,9365,8178,8182
31.369165,9363,8178,8185
31.377889,9360,8178,8185
31.389385,9357,8178,8182
31.395638,9354,8178,8185
31.407289,9352,8178,8185
31.416333,9348,8178,8187
31.427974,9345,8178,8185
31.437984,9343,8178,8185
31.448799,9340,8178,8185
31.457523,9337,8181,8185
31.469206,9334,8181,8185
31.478282,9334,8181,8185
31.489868,9329,8181,8185
31.496364,9326,8181,8185
31.508035,9326,8181,8182
31.51656,9326,8183,8185
31.528189,9324,8181,8182
31.536824,9321,8181,8185
31.545825,9318,8181,8185
31.556903,9318,8178,8182
31.565942,9315,8178,8182
31.579925,9313,8181,8185
31.586388,9313,8178,8182
31.598024,9310,8178,8185
31.607052,9310,8178,8185
31.618705,9307,8178,8185
31.627632,9305,8178,8185
31.636605,9305,8178,8185
31.645648,9299,8178,8185
31.659572,9299,8178,8182
31.668519,9297,8178,8185
31.677578,9297,8178,8185
31.686615,9293,8178,8185
31.69827,9293,8178,8185
31.70728,9290,8178,8185
31.718921,9287,8178,8185
31.727933,9285,8178,8185
31.739402,9282,8178,8185
31.745827,9282,8181,8185
31.757412,9282,8178,8185
31.766412,9279,8178,8185
31.778048,9279,8178,8185
31.787032,9276,8178,8185
31.798656,9279,8178,8182
31.807358,9276,8178,8185
31.816441,9273,8178,8185
31.82808,9273,8178,8185
31.837016,9270,8178,8185
31.848575,9273,8178,8185
31.857607,9270,8178,8185
31.869163,9270,8175,8185
31.878184,9270,8175,8185
31.88654,9270,8175,8185
31.894583,9270,8178,8185
31.90504,9270,8175,8182
31.916532,9270,8175,8185
31.927772,9270,8175,8185
31.938379,9267,8175,8185
31.947552,9270,8175,8185
31.956377,9273,8175,8185
31.967837,9276,8175,8185
31.976919,9282,8178,8185
31.988645,9285,8178,8185
31.995133,9285,8178,8185
32.009256,9285,8178,8185
32.015404,9279,8178,8185
32.027093,9276,8178,8185
32.035731,9270,8178,8182
32.046881,9265,8178,8182
32.055854,9259,8178,8182
32.06748,9259,8178,8185
32.078386,9262,8178,8185
32.087383,9265,8181,8185
32.09591,9267,8181,8185
32.104935,9273,8181,8185
32.118681,9273,8181,8185
32.127721,9279,8181,8182
32.136564,9276,8181,8185
32.147307,9276,8181,8185
32.156003,9276,8181,8185
32.167627,9276,8181,8185
32.176483,9276,8183,8182
32.187671,9279,8178,8185
32.196707,9276,8181,8185
32.20575,9279,8181,8185
32.216522,9276,8181,8185
32.225315,9276,8181,8185
32.237008,9276,8181,8185
32.246054,9276,8181,8185
32.257683,9276,8181,8187
32.266426,9276,8181,8182
32.277571,9270,8183,8182
32.286598,9267,8175,8185
32.298319,9267,8178,8185
32.307353,9262,8178,8182
32.316212,9257,8178,8182
32.324817,9254,8178,8185
32.336303,9249,8178,8185
32.34774,9251,8178,8185
32.356854,9246,8175,8185
32.367792,9246,8178,8185
32.376815,9243,8178,8182
32.388515,9243,8175,8185
32.394987,9240,8178,8185
32.406309,9238,8178,8185
32.415192,9240,8178,8185
32.426321,9235,8178,8185
32.434852,9235,8178,8185
32.446264,9235,8178,8185
32.455347,9235,8178,8185
32.466928,9238,8178,8182
32.475976,9232,8178,8185
32.48747,9235,8178,8185
32.496552,9235,8178,8185
32.505646,9235,8178,8185
32.514748,9232,8178,8185
32.526404,9238,8178,8185
32.535397,9243,8178,8185
32.546568,9240,8178,8185
32.557504,9240,8178,8185
32.566561,9235,8178,8187
32.577971,9240,8178,8185
32.584408,9238,8178,8185
32.59603,9243,8178,8185
32.605047,9238,8175,8185
32.616617,9240,8175,8185
32.625192,9238,8178,8182
32.636918,9238,8175,8187
32.645925,9235,8175,8185
32.657229,9235,8175,8185
32.666258,9238,8175,8185
32.677534,9238,8175,8185
32.686573,9235,8175,8185
32.695226,9238,8178,8185
32.704188,9238,8178,8185
32.71581,9240,8178,8185
32.727307,9240,8178,8185
32.733748,9240,8178,8185
32.747557,9240,8178,8185
32.756625,9240,8178,8182
32.767789,9240,8178,8182
32.776827,9240,8178,8185
32.785871,9240,8178,8185
32.794964,9243,8178,8187
32.806621,9243,8178,8185
32.815344,9246,8178,8185
32.826654,9243,8178,8185
32.835686,9243,8178,8185
32.847232,9243,8178,8185
32.856241,9240,8178,8185
32.864973,9246,8178,8185
32.873813,9246,8178,8185
32.88763,9249,8178,8185
32.896656,9254,8178,8185
32.908238,9254,8178,8182
32.914667,9251,8178,8185
32.926018,9251,8178,8185
32.934139,9251,8175,8185
32.946128,9243,8175,8185
32.955285,9235,8178,8185
32.96437,9232,8178,8185
32.975507,9232,8178,8185
32.984545,9232,8175,8185
32.996019,9232,8178,8185
33.004646,9238,8178,8185
33.01639,9240,8178,8185
33.02708,9243,8175,8185
33.033513,9246,8175,8185
33.044898,9249,8175,8182
33.055772,9249,8175,8185
33.06485,9249,8175,8185
33.076503,9249,8175,8185
33.085546,9246,8175,8182
33.097174,9249,8175,8185
33.103661,9246,8175,8185
33.117805,9251,8175,8182
33.124261,9249,8181,8185
33.135893,9251,8183,8185
33.144916,9251,8181,8185
33.156424,9251,8181,8185
33.165386,9249,8181,8185
33.176503,9249,8181,8185
33.185521,9249,8181,8182
33.197164,9249,8181,8182
33.203579,9243,8181,8185
33.215225,9243,8181,8182
33.223769,9240,8181,8182
33.234997,9235,8178,8185
33.246632,9232,8178,8187
33.255656,9230,8178,8185
33.266777,9227,8178,8185
33.273069,9224,8178,8185
33.287235,9224,8178,8185
33.293677,9221,8178,8185
33.305322,9219,8178,8185
33.314343,9216,8178,8185
33.325375,9216,8178,8185
33.333561,9216,8175,8185
33.345189,9216,8175,8185
33.356381,9213,8175,8185
33.366955,9213,8173,8182
33.373398,9216,8175,8182
33.384765,9216,8175,8185
33.396057,9213,8173,8182
33.404846,9216,8175,8185
33.415853,9213,8175,8185
33.42434,9216,8175,8185
33.433372,9213,8175,8182
33.444755,9216,8178,8185
33.45555,9213,8178,8185
33.465141,9211,8178,8185
33.474225,9213,8178,8185
33.485927,9208,8178,8185
33.4948,9208,8178,8185
33.503714,9205,8178,8185
33.514266,9205,8178,8185
33.523116,9205,8178,8182
-1.477766,0,0,0
-1.477766,0,0,0
-1.477766,0,0,0
-1.477766,0,0,0
-1.477766,0,0,0
-1.477766,0,0,0
-1.477766,0,0,0
-1.477766,0,0,0
-1.477766,0,0,0
-1.477766,0,0,0
-1.477766,0,0,0
-1.477766,0,0,0
-1.477766,0,0,0
-1.477766,0,0,0
-1.477766,0,0,0
-1.477766,0,0,0
-1.477766,0,0,0
-1.477766,0,0,0
-1.477766,0,0,0
-1.477766,0,0,0
-1.477766,0,0,0
-1.477766,0,0,0
-1.477766,0,0,0
-1.477766,0,0,0
-1.477766,0,0,0
-1.477766,0,0,0
-1.477766,0,0,0
-1.477766,0,0,0
-1.477766,0,0,0
-1.477766,0,0,0
-1.477766,0,0,0
-1.477766,0,0,0
-1.477766,0,0,0
-1.477766,0,0,0
-1.477766,0,0,0
-1.477766,0,0,0
-1.477766,0,0,0
-1.477766,0,0,0
-1.477766,0,0,0
-1.477766,0,0,0
-1.477766,0,0,0
-1.477766,0,0,0
-1.477766,0,0,0
-1.477766,0,0,0
-1.477766,0,0,0
-1.477766,0,0,0
-1.477766,0,0,0
-1.477766,0,0,0
-1.477766,0,0,0
-1.477766,0,0,0
-1.477766,0,0,0
-1.477766,0,0,0
-1.477766,0,0,0
-1.477766,0,0,0
-1.477766,0,0,0
-1.477766,0,0,0
-1.477766,0,0,0
-1.477766,0,0,0
-1.477766,0,0,0
-1.477766,0,0,0
-1.477766,0,0,0
-1.477766,0,0,0
-1.477766,0,0,0
-1.477766,0,0,0
-1.477766,0,0,0
-1.477766,0,0,0
-1.477766,0,0,0
-1.477766,0,0,0
-1.477766,0,0,0
-1.477766,0,0,0
-1.477766,0,0,0
-1.477766,0,0,0
-1.477766,0,0,0
-1.477766,0,0,0
-1.477766,0,0,0
-1.477766,0,0,0
-1.477766,0,0,0
-1.477766,0,0,0
-1.477766,0,0,0
-1.477766,0,0,0
-1.477766,0,0,0
-1.477766,0,0,0
-1.477766,0,0,0
-1.477766,0,0,0
-1.477766,0,0,0
-1.477766,0,0,0
-1.477766,0,0,0
-1.477766,0,0,0
-1.477766,0,0,0
-1.477766,0,0,0
-1.477766,0,0,0
-1.477766,0,0,0
-1.477766,0,0,0
-1.477766,0,0,0
-1.477766,0,0,0
-1.477766,0,0,0
-1.477766,0,0,0
-1.477766,0,0,0
-1.477766,0,0,0
-1.477766,0,0,0
-1.477766,0,0,0
-1.477766,0,0,0
-1.477766,0,0,0
-1.477766,0,0,0
-1.477766,0,0,0
-1.477766,0,0,0
-1.477766,0,0,0
-1.477766,0,0,0
-1.477766,0,0,0
-1.477766,0,0,0
-1.477766,0,0,0
-1.477766,0,0,0
-1.477766,0,0,0
-1.477766,0,0,0
-1.477766,0,0,0
-1.477766,0,0,0
-1.477766,0,0,0
-1.477766,0,0,0
-1.477766,0,0,0
-1.477766,0,0,0
-1.477766,0,0,0
-1.477766,0,0,0
-1.477766,0,0,0
-1.477766,0,0,0
-1.477766,0,0,0
-1.477766,0,0,0
-1.477766,0,0,0
-1.477766,0,0,0
-1.477766,0,0,0
-1.477766,0,0,0
-1.477766,0,0,0
-1.477766,0,0,0
-1.477766,0,0,0
-1.477766,0,0,0
-1.477766,0,0,0
-1.477766,0,0,0
-1.477766,0,0,0
-1.477766,0,0,0
-1.477766,0,0,0
-1.477766,0,0,0
